event_ticker,market_ticker,team_subtitle,status,result,open_time,close_time,settlement_value_dollars,volume,open_interest
KXMENWORLDCUP-26,KXMENWORLDCUP-26-FR,France,finalized,no,2025-05-15T14:00:00Z,2026-07-14T21:06:27Z,0.0,73322535.94,39250715.64
KXMENWORLDCUP-26,KXMENWORLDCUP-26-ES,Spain,finalized,yes,2025-05-15T14:00:00Z,2026-07-19T22:04:28Z,1.0,133398770.89,70307839.14
KXMENWORLDCUP-26,KXMENWORLDCUP-26-BR,Brazil,finalized,no,2025-05-15T14:00:00Z,2026-07-05T22:19:55Z,0.0,26675681.86,20555324.9
KXMENWORLDCUP-26,KXMENWORLDCUP-26-GB,England,finalized,no,2025-05-15T14:00:00Z,2026-07-15T21:05:39Z,0.0,43248968.83,25989232.02
KXMENWORLDCUP-26,KXMENWORLDCUP-26-AR,Argentina,finalized,no,2025-05-15T14:00:00Z,2026-07-19T22:04:28Z,0.0,325969225.37,182829536.98
KXMENWORLDCUP-26,KXMENWORLDCUP-26-DE,Germany,finalized,no,2025-05-15T14:00:00Z,2026-06-30T00:19:53Z,0.0,19905976.73,14657720.61
KXMENWORLDCUP-26,KXMENWORLDCUP-26-PT,Portugal,finalized,no,2025-05-15T14:00:00Z,2026-07-06T21:19:54Z,0.0,52629176.36,36341023.08
KXMENWORLDCUP-26,KXMENWORLDCUP-26-NL,Netherlands,finalized,no,2025-05-15T14:00:00Z,2026-06-30T04:11:53Z,0.0,31223560.51,23847516.25
KXMENWORLDCUP-26,KXMENWORLDCUP-26-UY,Uruguay,finalized,no,2025-05-15T14:00:00Z,2026-06-27T22:40:16Z,0.0,13209280.24,11977091.8
KXMENWORLDCUP-26,KXMENWORLDCUP-26-BE,Belgium,finalized,no,2025-05-15T14:00:00Z,2026-07-10T21:19:45Z,0.0,38088387.91,24052389.86
KXMENWORLDCUP-26,KXMENWORLDCUP-26-US,USA,finalized,no,2025-05-15T14:00:00Z,2026-07-07T02:19:54Z,0.0,83222195.07,57461885.95
KXMENWORLDCUP-26,KXMENWORLDCUP-26-HR,Croatia,finalized,no,2025-05-15T14:00:00Z,2026-07-03T01:30:00Z,0.0,25002874.89,20772888.16
KXMENWORLDCUP-26,KXMENWORLDCUP-26-MX,Mexico,finalized,no,2025-05-15T14:00:00Z,2026-07-06T03:20:00Z,0.0,82387635.13,54857519.33
KXMENWORLDCUP-26,KXMENWORLDCUP-26-MA,Morocco,finalized,no,2025-05-15T14:00:00Z,2026-07-09T22:19:47Z,0.0,52535453.84,32911921.06
KXMENWORLDCUP-26,KXMENWORLDCUP-26-CO,Colombia,finalized,no,2025-05-15T14:00:00Z,2026-07-07T23:09:47Z,0.0,32207982.58,23976616.51
KXMENWORLDCUP-26,KXMENWORLDCUP-26-CH,Switzerland,finalized,no,2025-05-15T14:00:00Z,2026-07-12T04:00:00Z,0.0,41933986.1,25476358.08
KXMENWORLDCUP-26,KXMENWORLDCUP-26-JP,Japan,finalized,no,2025-05-15T14:00:00Z,2026-06-29T19:47:34Z,0.0,21330875.46,16096883.94
KXMENWORLDCUP-26,KXMENWORLDCUP-26-NO,Norway,finalized,no,2025-05-15T14:00:00Z,2026-07-12T01:39:51Z,0.0,63766060.04,41047078.96
KXMENWORLDCUP-26,KXMENWORLDCUP-26-CA,Canada,finalized,no,2025-05-15T14:00:00Z,2026-07-04T19:39:50Z,0.0,23795522.54,19285046.22
KXMENWORLDCUP-26,KXMENWORLDCUP-26-AT,Austria,finalized,no,2025-05-15T14:00:00Z,2026-07-02T21:19:55Z,0.0,17143887.08,14655828.47
KXMENWORLDCUP-26,KXMENWORLDCUP-26-SE,Sweden,finalized,no,2025-05-15T14:00:00Z,2026-06-30T23:19:55Z,0.0,17958114.78,15543416.12
KXMENWORLDCUP-26,KXMENWORLDCUP-26-EC,Ecuador,finalized,no,2025-05-15T14:00:00Z,2026-07-01T04:20:01Z,0.0,22282052.06,18115516.02
KXMENWORLDCUP-26,KXMENWORLDCUP-26-SN,Senegal,finalized,no,2025-05-15T14:00:00Z,2026-07-02T00:19:52Z,0.0,20123523.03,17007990.62
KXMENWORLDCUP-26,KXMENWORLDCUP-26-KR,South Korea,finalized,no,2025-05-15T14:00:00Z,2026-06-28T15:09:00Z,0.0,21612017.68,14669912.18
KXMENWORLDCUP-26,KXMENWORLDCUP-26-TR,Turkey,finalized,no,2025-05-15T14:00:00Z,2026-06-24T16:12:18Z,0.0,8258619.33,7324499.01
KXMENWORLDCUP-26,KXMENWORLDCUP-26-PY,Paraguay,finalized,no,2025-05-15T14:00:00Z,2026-07-05T00:09:49Z,0.0,29602610.38,22990121.4
KXMENWORLDCUP-26,KXMENWORLDCUP-26-SC,Scotland,finalized,no,2025-05-15T14:00:00Z,2026-06-28T15:09:00Z,0.0,9785560.86,9237866.29
KXMENWORLDCUP-26,KXMENWORLDCUP-26-AU,Australia,finalized,no,2025-05-15T14:00:00Z,2026-07-03T21:09:52Z,0.0,18513318.81,16972039.51
KXMENWORLDCUP-26,KXMENWORLDCUP-26-GH,Ghana,finalized,no,2025-05-15T14:00:00Z,2026-07-04T03:50:08Z,0.0,19858968.67,18182106.39
KXMENWORLDCUP-26,KXMENWORLDCUP-26-IR,Iran,finalized,no,2025-05-15T14:00:00Z,2026-06-28T15:09:00Z,0.0,14049884.09,11697096.68
KXMENWORLDCUP-26,KXMENWORLDCUP-26-SA,Saudi Arabia,finalized,no,2025-05-15T14:00:00Z,2026-06-27T22:40:16Z,0.0,2636195.67,2636195.67
KXMENWORLDCUP-26,KXMENWORLDCUP-26-TN,Tunisia,finalized,no,2025-05-15T14:00:00Z,2026-06-24T16:12:18Z,0.0,1011703.2,530833.0
KXMENWORLDCUP-26,KXMENWORLDCUP-26-NZL,New Zealand,finalized,no,2025-12-05T17:00:00Z,2026-06-27T22:40:16Z,0.0,3268451.37,3268451.37
KXMENWORLDCUP-26,KXMENWORLDCUP-26-UZB,Uzbekistan,finalized,no,2025-12-05T17:00:00Z,2026-06-28T15:09:00Z,0.0,2587197.79,2566669.79
KXMENWORLDCUP-26,KXMENWORLDCUP-26-JOR,Jordan,finalized,no,2025-12-05T17:00:00Z,2026-06-24T16:12:18Z,0.0,835373.38,835368.38
KXMENWORLDCUP-26,KXMENWORLDCUP-26-EGY,Egypt,finalized,no,2025-12-05T17:00:00Z,2026-07-07T18:19:46Z,0.0,43643791.96,31162503.82
KXMENWORLDCUP-26,KXMENWORLDCUP-26-DZA,Algeria,finalized,no,2025-12-05T17:00:00Z,2026-07-03T05:09:57Z,0.0,20469509.18,18491168.21
KXMENWORLDCUP-26,KXMENWORLDCUP-26-CPV,Cape Verde,finalized,no,2025-12-05T17:00:00Z,2026-07-04T01:09:48Z,0.0,36370166.09,29166483.14
KXMENWORLDCUP-26,KXMENWORLDCUP-26-RSA,South Africa,finalized,no,2025-12-05T17:00:00Z,2026-06-28T21:26:30Z,0.0,3837034.68,3766014.68
KXMENWORLDCUP-26,KXMENWORLDCUP-26-QAT,Qatar,finalized,no,2025-12-05T17:01:00Z,2026-06-25T14:26:08Z,0.0,1325786.63,1325781.63
KXMENWORLDCUP-26,KXMENWORLDCUP-26-CIV,Ivory Coast,finalized,no,2025-12-05T17:01:00Z,2026-06-30T19:09:55Z,0.0,23856929.78,19070997.3
KXMENWORLDCUP-26,KXMENWORLDCUP-26-CUW,Curacao,finalized,no,2025-12-05T17:01:00Z,2026-06-27T22:40:16Z,0.0,1542319.92,1542319.92
KXMENWORLDCUP-26,KXMENWORLDCUP-26-HTI,Haiti,finalized,no,2025-12-05T17:01:00Z,2026-06-24T16:12:18Z,0.0,7484425.23,7378905.86
KXMENWORLDCUP-26,KXMENWORLDCUP-26-PAN,Panama,finalized,no,2025-12-05T17:01:00Z,2026-06-24T16:12:18Z,0.0,5579320.98,5562431.98
KXMENWORLDCUP-26,KXMENWORLDCUP-26-CZE,Czechia,finalized,no,2026-04-01T01:00:00Z,2026-06-25T14:26:08Z,0.0,164985.63,164935.63
KXMENWORLDCUP-26,KXMENWORLDCUP-26-BIH,Bosnia and Herzegovina,finalized,no,2026-04-01T01:00:00Z,2026-07-02T02:19:59Z,0.0,801791.31,801680.31
KXMENWORLDCUP-26,KXMENWORLDCUP-26-COD,Congo DR,finalized,no,2026-04-01T01:00:00Z,2026-07-01T18:20:03Z,0.0,847850.33,847800.33
KXMENWORLDCUP-26,KXMENWORLDCUP-26-IRQ,Iraq,finalized,no,2026-04-01T19:25:00Z,2026-06-27T22:40:16Z,0.0,163323.88,163323.88
