event_ticker,event_title,market_ticker,yes_team_subtitle,no_team_subtitle,status,result,open_time,close_time,occurrence_datetime,settlement_value_dollars,volume,open_interest
KXWCGAME-26JUL19ESPARG,Spain vs Argentina: Regulation Time Moneyline,KXWCGAME-26JUL19ESPARG-ESP,Reg Time: Spain,Reg Time: Spain,finalized,no,2026-07-15T22:00:00Z,2026-07-19T21:18:52Z,2026-07-19T22:00:00Z,0.0,9442268.85,6738736.56
KXWCGAME-26JUL19ESPARG,Spain vs Argentina: Regulation Time Moneyline,KXWCGAME-26JUL19ESPARG-ARG,Reg Time: Argentina,Reg Time: Argentina,finalized,no,2026-07-15T22:00:00Z,2026-07-19T21:18:52Z,2026-07-19T22:00:00Z,0.0,16200285.74,11703778.5
KXWCGAME-26JUL19ESPARG,Spain vs Argentina: Regulation Time Moneyline,KXWCGAME-26JUL19ESPARG-TIE,Reg Time: Tie,Reg Time: Tie,finalized,yes,2026-07-15T22:00:00Z,2026-07-19T21:18:52Z,2026-07-19T22:00:00Z,1.0,8644737.72,6136379.21
KXWCGAME-26JUL18FRAENG,France vs England: Regulation Time Moneyline,KXWCGAME-26JUL18FRAENG-FRA,Reg Time: France,Reg Time: France,finalized,no,2026-07-15T21:43:00Z,2026-07-18T23:04:26Z,2026-07-19T00:00:00Z,0.0,17871577.2,6804528.15
KXWCGAME-26JUL18FRAENG,France vs England: Regulation Time Moneyline,KXWCGAME-26JUL18FRAENG-ENG,Reg Time: England,Reg Time: England,finalized,yes,2026-07-15T21:43:00Z,2026-07-18T23:04:26Z,2026-07-19T00:00:00Z,1.0,13170276.21,5702254.95
KXWCGAME-26JUL18FRAENG,France vs England: Regulation Time Moneyline,KXWCGAME-26JUL18FRAENG-TIE,Reg Time: Tie,Reg Time: Tie,finalized,no,2026-07-15T21:43:00Z,2026-07-18T23:04:26Z,2026-07-19T00:00:00Z,0.0,10096358.77,3515501.85
KXWCGAME-26JUL15ENGARG,England vs Argentina: Regulation Time Moneyline,KXWCGAME-26JUL15ENGARG-ENG,Reg Time: England,Reg Time: England,finalized,no,2026-07-12T04:10:00Z,2026-07-15T21:04:21Z,2026-07-15T22:00:00Z,0.0,8322375.02,4476698.22
KXWCGAME-26JUL15ENGARG,England vs Argentina: Regulation Time Moneyline,KXWCGAME-26JUL15ENGARG-ARG,Reg Time: Argentina,Reg Time: Argentina,finalized,yes,2026-07-12T04:10:00Z,2026-07-15T21:04:21Z,2026-07-15T22:00:00Z,1.0,11339896.79,4763335.17
KXWCGAME-26JUL15ENGARG,England vs Argentina: Regulation Time Moneyline,KXWCGAME-26JUL15ENGARG-TIE,Reg Time: Tie,Reg Time: Tie,finalized,no,2026-07-12T04:10:00Z,2026-07-15T21:04:21Z,2026-07-15T22:00:00Z,0.0,9417554.5,4237965.95
KXWCGAME-26JUL14FRAESP,France vs Spain: Regulation Time Moneyline,KXWCGAME-26JUL14FRAESP-FRA,Reg Time: France,Reg Time: France,finalized,no,2026-07-10T21:31:00Z,2026-07-14T20:59:36Z,2026-07-14T22:00:00Z,0.0,18359377.38,12687275.11
KXWCGAME-26JUL14FRAESP,France vs Spain: Regulation Time Moneyline,KXWCGAME-26JUL14FRAESP-ESP,Reg Time: Spain,Reg Time: Spain,finalized,yes,2026-07-10T21:31:00Z,2026-07-14T20:59:36Z,2026-07-14T22:00:00Z,1.0,6529791.64,2852959.88
KXWCGAME-26JUL14FRAESP,France vs Spain: Regulation Time Moneyline,KXWCGAME-26JUL14FRAESP-TIE,Reg Time: Tie,Reg Time: Tie,finalized,no,2026-07-10T21:31:00Z,2026-07-14T20:59:36Z,2026-07-14T22:00:00Z,0.0,5901052.81,2943270.06
KXWCGAME-26JUL11ARGSUI,Argentina vs Switzerland: Regulation Time Moneyline,KXWCGAME-26JUL11ARGSUI-ARG,Reg Time: Argentina,Reg Time: Argentina,finalized,no,2026-07-07T23:10:00Z,2026-07-12T03:04:25Z,2026-07-12T04:00:00Z,0.0,15117837.36,7577896.77
KXWCGAME-26JUL11ARGSUI,Argentina vs Switzerland: Regulation Time Moneyline,KXWCGAME-26JUL11ARGSUI-SUI,Reg Time: Switzerland,Reg Time: Switzerland,finalized,no,2026-07-07T23:10:00Z,2026-07-12T03:04:25Z,2026-07-12T04:00:00Z,0.0,7029852.76,3658120.06
KXWCGAME-26JUL11ARGSUI,Argentina vs Switzerland: Regulation Time Moneyline,KXWCGAME-26JUL11ARGSUI-TIE,Reg Time: Tie,Reg Time: Tie,finalized,yes,2026-07-07T23:10:00Z,2026-07-12T03:04:25Z,2026-07-12T04:00:00Z,1.0,9192932.27,6590286.77
KXWCGAME-26JUL11NORENG,Norway vs England: Regulation Time Moneyline,KXWCGAME-26JUL11NORENG-NOR,Reg Time: Norway,Reg Time: Norway,finalized,no,2026-07-06T12:00:00Z,2026-07-11T23:04:26Z,2026-07-12T00:00:00Z,0.0,10750339.98,6298887.21
KXWCGAME-26JUL11NORENG,Norway vs England: Regulation Time Moneyline,KXWCGAME-26JUL11NORENG-ENG,Reg Time: England,Reg Time: England,finalized,no,2026-07-06T12:00:00Z,2026-07-11T23:04:26Z,2026-07-12T00:00:00Z,0.0,8063583.12,3933529.88
KXWCGAME-26JUL11NORENG,Norway vs England: Regulation Time Moneyline,KXWCGAME-26JUL11NORENG-TIE,Reg Time: Tie,Reg Time: Tie,finalized,yes,2026-07-06T12:00:00Z,2026-07-11T23:04:26Z,2026-07-12T00:00:00Z,1.0,6254131.38,3274380.78
KXWCGAME-26JUL10ESPBEL,Spain vs Belgium: Regulation Time Moneyline,KXWCGAME-26JUL10ESPBEL-ESP,Reg Time: Spain,Reg Time: Spain,finalized,yes,2026-07-07T02:05:00Z,2026-07-10T20:59:36Z,2026-07-10T22:00:00Z,1.0,14001373.42,7427632.25
KXWCGAME-26JUL10ESPBEL,Spain vs Belgium: Regulation Time Moneyline,KXWCGAME-26JUL10ESPBEL-BEL,Reg Time: Belgium,Reg Time: Belgium,finalized,no,2026-07-07T02:05:00Z,2026-07-10T20:59:36Z,2026-07-10T22:00:00Z,0.0,9269271.47,7341214.0
KXWCGAME-26JUL10ESPBEL,Spain vs Belgium: Regulation Time Moneyline,KXWCGAME-26JUL10ESPBEL-TIE,Reg Time: Tie,Reg Time: Tie,finalized,no,2026-07-07T02:05:00Z,2026-07-10T20:59:36Z,2026-07-10T22:00:00Z,0.0,11428075.99,7475642.88
KXWCGAME-26JUL09FRAMAR,France vs Morocco: Regulation Time Moneyline,KXWCGAME-26JUL09FRAMAR-FRA,Reg Time: France,Reg Time: France,finalized,yes,2026-07-05T00:05:00Z,2026-07-09T22:04:24Z,2026-07-09T23:00:00Z,1.0,8660708.37,5175282.79
KXWCGAME-26JUL09FRAMAR,France vs Morocco: Regulation Time Moneyline,KXWCGAME-26JUL09FRAMAR-MAR,Reg Time: Morocco,Reg Time: Morocco,finalized,no,2026-07-05T00:05:00Z,2026-07-09T22:04:24Z,2026-07-09T23:00:00Z,0.0,5148130.59,3312255.43
KXWCGAME-26JUL09FRAMAR,France vs Morocco: Regulation Time Moneyline,KXWCGAME-26JUL09FRAMAR-TIE,Reg Time: Tie,Reg Time: Tie,finalized,no,2026-07-05T00:05:00Z,2026-07-09T22:04:24Z,2026-07-09T23:00:00Z,0.0,4167736.86,2774856.13
KXWCGAME-26JUL07SUICOL,Switzerland vs Colombia: Regulation Time Moneyline,KXWCGAME-26JUL07SUICOL-SUI,Reg Time: Switzerland,Reg Time: Switzerland,finalized,no,2026-07-04T12:00:00Z,2026-07-07T21:54:24Z,2026-07-07T23:00:00Z,0.0,4399716.54,2178439.22
KXWCGAME-26JUL07SUICOL,Switzerland vs Colombia: Regulation Time Moneyline,KXWCGAME-26JUL07SUICOL-COL,Reg Time: Colombia,Reg Time: Colombia,finalized,no,2026-07-04T12:00:00Z,2026-07-07T21:54:24Z,2026-07-07T23:00:00Z,0.0,8387288.52,5639205.68
KXWCGAME-26JUL07SUICOL,Switzerland vs Colombia: Regulation Time Moneyline,KXWCGAME-26JUL07SUICOL-TIE,Reg Time: Tie,Reg Time: Tie,finalized,yes,2026-07-04T12:00:00Z,2026-07-07T21:54:24Z,2026-07-07T23:00:00Z,1.0,4595015.32,3176308.74
KXWCGAME-26JUL07ARGEGY,Argentina vs Egypt: Regulation Time Moneyline,KXWCGAME-26JUL07ARGEGY-ARG,Reg Time: Argentina,Reg Time: Argentina,finalized,yes,2026-07-04T01:05:00Z,2026-07-07T18:04:28Z,2026-07-07T19:00:00Z,1.0,13907044.94,5283489.49
KXWCGAME-26JUL07ARGEGY,Argentina vs Egypt: Regulation Time Moneyline,KXWCGAME-26JUL07ARGEGY-EGY,Reg Time: Egypt,Reg Time: Egypt,finalized,no,2026-07-04T01:05:00Z,2026-07-07T18:04:28Z,2026-07-07T19:00:00Z,0.0,10372836.1,4270457.88
KXWCGAME-26JUL07ARGEGY,Argentina vs Egypt: Regulation Time Moneyline,KXWCGAME-26JUL07ARGEGY-TIE,Reg Time: Tie,Reg Time: Tie,finalized,no,2026-07-04T01:05:00Z,2026-07-07T18:04:28Z,2026-07-07T19:00:00Z,0.0,9780868.8,4274951.45
KXWCGAME-26JUL06USABEL,USA vs Belgium: Regulation Time Moneyline,KXWCGAME-26JUL06USABEL-USA,Reg Time: USA,Reg Time: USA,finalized,no,2026-07-02T03:05:00Z,2026-07-07T01:59:41Z,2026-07-07T03:00:00Z,0.0,13992605.5,9829678.76
KXWCGAME-26JUL06USABEL,USA vs Belgium: Regulation Time Moneyline,KXWCGAME-26JUL06USABEL-BEL,Reg Time: Belgium,Reg Time: Belgium,finalized,yes,2026-07-02T03:05:00Z,2026-07-07T01:59:41Z,2026-07-07T03:00:00Z,1.0,7716525.44,5107571.67
KXWCGAME-26JUL06USABEL,USA vs Belgium: Regulation Time Moneyline,KXWCGAME-26JUL06USABEL-TIE,Reg Time: Tie,Reg Time: Tie,finalized,no,2026-07-02T03:05:00Z,2026-07-07T01:59:41Z,2026-07-07T03:00:00Z,0.0,5266774.79,2958111.91
KXWCGAME-26JUL06PORESP,Portugal vs Spain: Regulation Time Moneyline,KXWCGAME-26JUL06PORESP-POR,Reg Time: Portugal,Reg Time: Portugal,finalized,no,2026-07-03T02:05:00Z,2026-07-06T21:04:28Z,2026-07-06T22:00:00Z,0.0,3879850.49,2450275.56
KXWCGAME-26JUL06PORESP,Portugal vs Spain: Regulation Time Moneyline,KXWCGAME-26JUL06PORESP-ESP,Reg Time: Spain,Reg Time: Spain,finalized,yes,2026-07-03T02:05:00Z,2026-07-06T21:04:28Z,2026-07-06T22:00:00Z,1.0,8465549.73,4275352.21
KXWCGAME-26JUL06PORESP,Portugal vs Spain: Regulation Time Moneyline,KXWCGAME-26JUL06PORESP-TIE,Reg Time: Tie,Reg Time: Tie,finalized,no,2026-07-03T02:05:00Z,2026-07-06T21:04:28Z,2026-07-06T22:00:00Z,0.0,5807704.94,3017019.01
KXWCGAME-26JUL05MEXENG,Mexico vs England: Regulation Time Moneyline,KXWCGAME-26JUL05MEXENG-MEX,Reg Time: Mexico,Reg Time: Mexico,finalized,no,2026-07-01T19:05:00Z,2026-07-06T03:04:24Z,2026-07-06T03:00:00Z,0.0,20019107.7,10967031.8
KXWCGAME-26JUL05MEXENG,Mexico vs England: Regulation Time Moneyline,KXWCGAME-26JUL05MEXENG-ENG,Reg Time: England,Reg Time: England,finalized,yes,2026-07-01T19:05:00Z,2026-07-06T03:04:24Z,2026-07-06T03:00:00Z,1.0,12990348.47,6168389.6
KXWCGAME-26JUL05MEXENG,Mexico vs England: Regulation Time Moneyline,KXWCGAME-26JUL05MEXENG-TIE,Reg Time: Tie,Reg Time: Tie,finalized,no,2026-07-01T19:05:00Z,2026-07-06T03:04:24Z,2026-07-06T03:00:00Z,0.0,7642050.75,3638740.66
KXWCGAME-26JUL05BRANOR,Brazil vs Norway: Regulation Time Moneyline,KXWCGAME-26JUL05BRANOR-BRA,Reg Time: Brazil,Reg Time: Brazil,finalized,no,2026-06-30T19:05:00Z,2026-07-05T22:04:30Z,2026-07-05T23:00:00Z,0.0,5964933.48,3519596.16
KXWCGAME-26JUL05BRANOR,Brazil vs Norway: Regulation Time Moneyline,KXWCGAME-26JUL05BRANOR-NOR,Reg Time: Norway,Reg Time: Norway,finalized,yes,2026-06-30T19:05:00Z,2026-07-05T22:04:30Z,2026-07-05T23:00:00Z,1.0,8249694.1,4071320.77
KXWCGAME-26JUL05BRANOR,Brazil vs Norway: Regulation Time Moneyline,KXWCGAME-26JUL05BRANOR-TIE,Reg Time: Tie,Reg Time: Tie,finalized,no,2026-06-30T19:05:00Z,2026-07-05T22:04:30Z,2026-07-05T23:00:00Z,0.0,5258238.29,2635660.61
KXWCGAME-26JUL04PARFRA,Paraguay vs France: Regulation Time Moneyline,KXWCGAME-26JUL04PARFRA-PAR,Reg Time: Paraguay,Reg Time: Paraguay,finalized,no,2026-06-30T23:05:00Z,2026-07-04T23:04:22Z,2026-07-05T00:00:00Z,0.0,4752453.01,3606928.53
KXWCGAME-26JUL04PARFRA,Paraguay vs France: Regulation Time Moneyline,KXWCGAME-26JUL04PARFRA-FRA,Reg Time: France,Reg Time: France,finalized,yes,2026-06-30T23:05:00Z,2026-07-04T23:04:22Z,2026-07-05T00:00:00Z,1.0,9934897.24,4661673.66
KXWCGAME-26JUL04PARFRA,Paraguay vs France: Regulation Time Moneyline,KXWCGAME-26JUL04PARFRA-TIE,Reg Time: Tie,Reg Time: Tie,finalized,no,2026-06-30T23:05:00Z,2026-07-04T23:04:22Z,2026-07-05T00:00:00Z,0.0,7258800.33,3623332.4
KXWCGAME-26JUL04CANMAR,Canada vs Morocco: Regulation Time Moneyline,KXWCGAME-26JUL04CANMAR-CAN,Reg Time: Canada,Reg Time: Canada,finalized,no,2026-06-30T12:00:00Z,2026-07-04T19:04:29Z,2026-07-04T20:00:00Z,0.0,3934002.17,2756378.41
KXWCGAME-26JUL04CANMAR,Canada vs Morocco: Regulation Time Moneyline,KXWCGAME-26JUL04CANMAR-MAR,Reg Time: Morocco,Reg Time: Morocco,finalized,yes,2026-06-30T12:00:00Z,2026-07-04T19:04:29Z,2026-07-04T20:00:00Z,1.0,10962705.54,6174787.77
KXWCGAME-26JUL04CANMAR,Canada vs Morocco: Regulation Time Moneyline,KXWCGAME-26JUL04CANMAR-TIE,Reg Time: Tie,Reg Time: Tie,finalized,no,2026-06-30T12:00:00Z,2026-07-04T19:04:29Z,2026-07-04T20:00:00Z,0.0,4437335.01,2265647.67
KXWCGAME-26JUL03COLGHA,Colombia vs Ghana: Regulation Time Moneyline,KXWCGAME-26JUL03COLGHA-COL,Reg Time: Colombia,Reg Time: Colombia,finalized,yes,2026-06-28T02:05:00Z,2026-07-04T03:34:23Z,2026-07-04T04:30:00Z,1.0,5109211.22,2913906.12
KXWCGAME-26JUL03COLGHA,Colombia vs Ghana: Regulation Time Moneyline,KXWCGAME-26JUL03COLGHA-GHA,Reg Time: Ghana,Reg Time: Ghana,finalized,no,2026-06-28T02:05:00Z,2026-07-04T03:34:23Z,2026-07-04T04:30:00Z,0.0,4082372.97,2769694.64
KXWCGAME-26JUL03COLGHA,Colombia vs Ghana: Regulation Time Moneyline,KXWCGAME-26JUL03COLGHA-TIE,Reg Time: Tie,Reg Time: Tie,finalized,no,2026-06-28T02:05:00Z,2026-07-04T03:34:23Z,2026-07-04T04:30:00Z,0.0,5093446.23,3201621.59
KXWCGAME-26JUL03ARGCPV,Argentina vs Cape Verde: Regulation Time Moneyline,KXWCGAME-26JUL03ARGCPV-ARG,Reg Time: Argentina,Reg Time: Argentina,finalized,no,2026-06-27T03:05:00Z,2026-07-03T23:59:41Z,2026-07-04T01:00:00Z,0.0,11768850.88,5039683.19
KXWCGAME-26JUL03ARGCPV,Argentina vs Cape Verde: Regulation Time Moneyline,KXWCGAME-26JUL03ARGCPV-CPV,Reg Time: Cape Verde,Reg Time: Cape Verde,finalized,no,2026-06-27T03:05:00Z,2026-07-03T23:59:41Z,2026-07-04T01:00:00Z,0.0,14387511.51,8807932.03
KXWCGAME-26JUL03ARGCPV,Argentina vs Cape Verde: Regulation Time Moneyline,KXWCGAME-26JUL03ARGCPV-TIE,Reg Time: Tie,Reg Time: Tie,finalized,yes,2026-06-27T03:05:00Z,2026-07-03T23:59:41Z,2026-07-04T01:00:00Z,1.0,8274388.59,3551817.85
KXWCGAME-26JUL03AUSEGY,Australia vs Egypt: Regulation Time Moneyline,KXWCGAME-26JUL03AUSEGY-AUS,Reg Time: Australia,Reg Time: Australia,finalized,no,2026-06-27T12:00:00Z,2026-07-03T19:59:40Z,2026-07-03T21:00:00Z,0.0,5632948.84,2946713.32
KXWCGAME-26JUL03AUSEGY,Australia vs Egypt: Regulation Time Moneyline,KXWCGAME-26JUL03AUSEGY-EGY,Reg Time: Egypt,Reg Time: Egypt,finalized,no,2026-06-27T12:00:00Z,2026-07-03T19:59:40Z,2026-07-03T21:00:00Z,0.0,10477005.79,6111383.29
KXWCGAME-26JUL03AUSEGY,Australia vs Egypt: Regulation Time Moneyline,KXWCGAME-26JUL03AUSEGY-TIE,Reg Time: Tie,Reg Time: Tie,finalized,yes,2026-06-27T12:00:00Z,2026-07-03T19:59:40Z,2026-07-03T21:00:00Z,1.0,4631511.29,2595913.72
KXWCGAME-26JUL02SUIDZA,Switzerland vs Algeria: Regulation Time Moneyline,KXWCGAME-26JUL02SUIDZA-SUI,Reg Time: Switzerland,Reg Time: Switzerland,finalized,yes,2026-06-28T12:00:00Z,2026-07-03T04:59:40Z,2026-07-03T06:00:00Z,1.0,6645611.12,4449215.16
KXWCGAME-26JUL02SUIDZA,Switzerland vs Algeria: Regulation Time Moneyline,KXWCGAME-26JUL02SUIDZA-DZA,Reg Time: Algeria,Reg Time: Algeria,finalized,no,2026-06-28T12:00:00Z,2026-07-03T04:59:40Z,2026-07-03T06:00:00Z,0.0,3445616.24,2268875.94
KXWCGAME-26JUL02SUIDZA,Switzerland vs Algeria: Regulation Time Moneyline,KXWCGAME-26JUL02SUIDZA-TIE,Reg Time: Tie,Reg Time: Tie,finalized,no,2026-06-28T12:00:00Z,2026-07-03T04:59:40Z,2026-07-03T06:00:00Z,0.0,2654446.94,1501841.0
KXWCGAME-26JUL02PORCRO,Portugal vs Croatia: Regulation Time Moneyline,KXWCGAME-26JUL02PORCRO-POR,Reg Time: Portugal,Reg Time: Portugal,finalized,yes,2026-06-28T02:05:00Z,2026-07-03T01:09:33Z,2026-07-03T02:00:00Z,1.0,12828738.01,4080438.61
KXWCGAME-26JUL02PORCRO,Portugal vs Croatia: Regulation Time Moneyline,KXWCGAME-26JUL02PORCRO-CRO,Reg Time: Croatia,Reg Time: Croatia,finalized,no,2026-06-28T02:05:00Z,2026-07-03T01:09:33Z,2026-07-03T02:00:00Z,0.0,8410082.51,3625154.63
KXWCGAME-26JUL02PORCRO,Portugal vs Croatia: Regulation Time Moneyline,KXWCGAME-26JUL02PORCRO-TIE,Reg Time: Tie,Reg Time: Tie,finalized,no,2026-06-28T02:05:00Z,2026-07-03T01:09:33Z,2026-07-03T02:00:00Z,0.0,9819629.55,3702664.17
KXWCGAME-26JUL02ESPAUT,Spain vs Austria: Regulation Time Moneyline,KXWCGAME-26JUL02ESPAUT-ESP,Reg Time: Spain,Reg Time: Spain,finalized,yes,2026-06-28T12:00:00Z,2026-07-02T20:59:39Z,2026-07-02T22:00:00Z,1.0,7293007.4,3986078.55
KXWCGAME-26JUL02ESPAUT,Spain vs Austria: Regulation Time Moneyline,KXWCGAME-26JUL02ESPAUT-AUT,Reg Time: Austria,Reg Time: Austria,finalized,no,2026-06-28T12:00:00Z,2026-07-02T20:59:39Z,2026-07-02T22:00:00Z,0.0,5384514.35,4439764.86
KXWCGAME-26JUL02ESPAUT,Spain vs Austria: Regulation Time Moneyline,KXWCGAME-26JUL02ESPAUT-TIE,Reg Time: Tie,Reg Time: Tie,finalized,no,2026-06-28T12:00:00Z,2026-07-02T20:59:39Z,2026-07-02T22:00:00Z,0.0,3795810.48,2897870.12
KXWCGAME-26JUL01USABIH,USA vs Bosnia and Herzegovina: Regulation Time Moneyline,KXWCGAME-26JUL01USABIH-USA,Reg Time: USA,Reg Time: USA,finalized,yes,2026-06-26T14:01:00Z,2026-07-02T02:09:30Z,2026-07-02T03:00:00Z,1.0,8261869.84,4398461.24
KXWCGAME-26JUL01USABIH,USA vs Bosnia and Herzegovina: Regulation Time Moneyline,KXWCGAME-26JUL01USABIH-BIH,Reg Time: Bosnia and Herzegovina,Reg Time: Bosnia and Herzegovina,finalized,no,2026-06-26T14:01:00Z,2026-07-02T02:09:30Z,2026-07-02T03:00:00Z,0.0,5074868.29,3197663.32
KXWCGAME-26JUL01USABIH,USA vs Bosnia and Herzegovina: Regulation Time Moneyline,KXWCGAME-26JUL01USABIH-TIE,Reg Time: Tie,Reg Time: Tie,finalized,no,2026-06-26T14:01:00Z,2026-07-02T02:09:30Z,2026-07-02T03:00:00Z,0.0,4427513.65,2227523.17
KXWCGAME-26JUL01BELSEN,Belgium vs Senegal: Regulation Time Moneyline,KXWCGAME-26JUL01BELSEN-BEL,Reg Time: Belgium,Reg Time: Belgium,finalized,no,2026-06-28T02:05:00Z,2026-07-01T22:49:33Z,2026-07-01T23:00:00Z,0.0,11138361.79,6597025.4
KXWCGAME-26JUL01BELSEN,Belgium vs Senegal: Regulation Time Moneyline,KXWCGAME-26JUL01BELSEN-SEN,Reg Time: Senegal,Reg Time: Senegal,finalized,no,2026-06-28T02:05:00Z,2026-07-01T22:49:33Z,2026-07-01T23:00:00Z,0.0,9732653.39,3177086.78
KXWCGAME-26JUL01BELSEN,Belgium vs Senegal: Regulation Time Moneyline,KXWCGAME-26JUL01BELSEN-TIE,Reg Time: Tie,Reg Time: Tie,finalized,yes,2026-06-28T02:05:00Z,2026-07-01T22:49:33Z,2026-07-01T23:00:00Z,1.0,6096496.46,2330246.77
KXWCGAME-26JUL01ENGCOD,England vs Congo DR: Regulation Time Moneyline,KXWCGAME-26JUL01ENGCOD-ENG,Reg Time: England,Reg Time: England,finalized,yes,2026-06-28T02:05:00Z,2026-07-01T17:59:52Z,2026-07-01T19:00:00Z,1.0,7626782.24,3280113.95
KXWCGAME-26JUL01ENGCOD,England vs Congo DR: Regulation Time Moneyline,KXWCGAME-26JUL01ENGCOD-COD,Reg Time: Congo DR,Reg Time: Congo DR,finalized,no,2026-06-28T02:05:00Z,2026-07-01T17:59:52Z,2026-07-01T19:00:00Z,0.0,6283293.26,3239384.58
KXWCGAME-26JUL01ENGCOD,England vs Congo DR: Regulation Time Moneyline,KXWCGAME-26JUL01ENGCOD-TIE,Reg Time: Tie,Reg Time: Tie,finalized,no,2026-06-28T02:05:00Z,2026-07-01T17:59:52Z,2026-07-01T19:00:00Z,0.0,6049466.74,2034832.25
KXWCGAME-26JUN30MEXECU,Mexico vs Ecuador: Regulation Time Moneyline,KXWCGAME-26JUN30MEXECU-MEX,Reg Time: Mexico,Reg Time: Mexico,finalized,yes,2026-06-28T00:05:00Z,2026-07-01T04:04:41Z,2026-07-01T04:00:00Z,1.0,13278033.91,8722212.95
KXWCGAME-26JUN30MEXECU,Mexico vs Ecuador: Regulation Time Moneyline,KXWCGAME-26JUN30MEXECU-ECU,Reg Time: Ecuador,Reg Time: Ecuador,finalized,no,2026-06-28T00:05:00Z,2026-07-01T04:04:41Z,2026-07-01T04:00:00Z,0.0,4047388.16,2809480.01
KXWCGAME-26JUN30MEXECU,Mexico vs Ecuador: Regulation Time Moneyline,KXWCGAME-26JUN30MEXECU-TIE,Reg Time: Tie,Reg Time: Tie,finalized,no,2026-06-28T00:05:00Z,2026-07-01T04:04:41Z,2026-07-01T04:00:00Z,0.0,6679617.43,4874267.23
KXWCGAME-26JUN30FRASWE,France vs Sweden: Regulation Time Moneyline,KXWCGAME-26JUN30FRASWE-FRA,Reg Time: France,Reg Time: France,finalized,yes,2026-06-27T03:05:00Z,2026-06-30T22:54:45Z,2026-07-01T00:00:00Z,1.0,7259773.4,4589629.86
KXWCGAME-26JUN30FRASWE,France vs Sweden: Regulation Time Moneyline,KXWCGAME-26JUN30FRASWE-SWE,Reg Time: Sweden,Reg Time: Sweden,finalized,no,2026-06-27T03:05:00Z,2026-06-30T22:54:45Z,2026-07-01T00:00:00Z,0.0,3449009.76,2027438.42
KXWCGAME-26JUN30FRASWE,France vs Sweden: Regulation Time Moneyline,KXWCGAME-26JUN30FRASWE-TIE,Reg Time: Tie,Reg Time: Tie,finalized,no,2026-06-27T03:05:00Z,2026-06-30T22:54:45Z,2026-07-01T00:00:00Z,0.0,2976757.73,1598500.4
KXWCGAME-26JUN30CIVNOR,Ivory Coast vs Norway: Regulation Time Moneyline,KXWCGAME-26JUN30CIVNOR-CIV,Reg Time: Ivory Coast,Reg Time: Ivory Coast,finalized,no,2026-06-26T22:05:00Z,2026-06-30T18:59:27Z,2026-06-30T20:00:00Z,0.0,3206828.29,1519436.16
KXWCGAME-26JUN30CIVNOR,Ivory Coast vs Norway: Regulation Time Moneyline,KXWCGAME-26JUN30CIVNOR-NOR,Reg Time: Norway,Reg Time: Norway,finalized,yes,2026-06-26T22:05:00Z,2026-06-30T18:59:27Z,2026-06-30T20:00:00Z,1.0,7375645.02,3739500.48
KXWCGAME-26JUN30CIVNOR,Ivory Coast vs Norway: Regulation Time Moneyline,KXWCGAME-26JUN30CIVNOR-TIE,Reg Time: Tie,Reg Time: Tie,finalized,no,2026-06-26T22:05:00Z,2026-06-30T18:59:27Z,2026-06-30T20:00:00Z,0.0,3444532.41,1461120.74
KXWCGAME-26JUN29NEDMAR,Netherlands vs Morocco: Regulation Time Moneyline,KXWCGAME-26JUN29NEDMAR-NED,Reg Time: Netherlands,Reg Time: Netherlands,finalized,no,2026-06-26T14:01:00Z,2026-06-30T03:00:30Z,2026-06-30T04:00:00Z,0.0,9058703.09,5095133.72
KXWCGAME-26JUN29NEDMAR,Netherlands vs Morocco: Regulation Time Moneyline,KXWCGAME-26JUN29NEDMAR-MAR,Reg Time: Morocco,Reg Time: Morocco,finalized,no,2026-06-26T14:01:00Z,2026-06-30T03:00:30Z,2026-06-30T04:00:00Z,0.0,6663210.21,3436387.04
KXWCGAME-26JUN29NEDMAR,Netherlands vs Morocco: Regulation Time Moneyline,KXWCGAME-26JUN29NEDMAR-TIE,Reg Time: Tie,Reg Time: Tie,finalized,yes,2026-06-26T14:01:00Z,2026-06-30T03:00:30Z,2026-06-30T04:00:00Z,1.0,5084142.86,2290676.36
KXWCGAME-26JUN29GERPAR,Germany vs Paraguay: Regulation Time Moneyline,KXWCGAME-26JUN29GERPAR-GER,Reg Time: Germany,Reg Time: Germany,finalized,no,2026-06-27T03:05:00Z,2026-06-29T22:35:00Z,2026-06-29T23:30:00Z,0.0,9878864.39,5435216.56
KXWCGAME-26JUN29GERPAR,Germany vs Paraguay: Regulation Time Moneyline,KXWCGAME-26JUN29GERPAR-PAR,Reg Time: Paraguay,Reg Time: Paraguay,finalized,no,2026-06-27T03:05:00Z,2026-06-29T22:35:00Z,2026-06-29T23:30:00Z,0.0,7095924.26,4118409.8
KXWCGAME-26JUN29GERPAR,Germany vs Paraguay: Regulation Time Moneyline,KXWCGAME-26JUN29GERPAR-TIE,Reg Time: Tie,Reg Time: Tie,finalized,yes,2026-06-27T03:05:00Z,2026-06-29T22:35:00Z,2026-06-29T23:30:00Z,1.0,5768366.69,2623729.27
KXWCGAME-26JUN29BRAJPN,Brazil vs Japan: Regulation Time Moneyline,KXWCGAME-26JUN29BRAJPN-BRA,Reg Time: Brazil,Reg Time: Brazil,finalized,yes,2026-06-26T14:01:00Z,2026-06-29T19:03:58Z,2026-06-29T20:00:00Z,1.0,13021459.96,6748322.76
KXWCGAME-26JUN29BRAJPN,Brazil vs Japan: Regulation Time Moneyline,KXWCGAME-26JUN29BRAJPN-JPN,Reg Time: Japan,Reg Time: Japan,finalized,no,2026-06-26T14:01:00Z,2026-06-29T19:03:58Z,2026-06-29T20:00:00Z,0.0,5767403.61,3124678.25
KXWCGAME-26JUN29BRAJPN,Brazil vs Japan: Regulation Time Moneyline,KXWCGAME-26JUN29BRAJPN-TIE,Reg Time: Tie,Reg Time: Tie,finalized,no,2026-06-26T14:01:00Z,2026-06-29T19:03:58Z,2026-06-29T20:00:00Z,0.0,4448700.87,1862295.04
KXWCGAME-26JUN28RSACAN,South Africa vs Canada: Regulation Time Moneyline,KXWCGAME-26JUN28RSACAN-RSA,Reg Time: South Africa,Reg Time: South Africa,finalized,no,2026-06-25T03:52:00Z,2026-06-28T20:59:58Z,2026-06-28T22:00:00Z,0.0,4255920.98,2291288.3
KXWCGAME-26JUN28RSACAN,South Africa vs Canada: Regulation Time Moneyline,KXWCGAME-26JUN28RSACAN-CAN,Reg Time: Canada,Reg Time: Canada,finalized,yes,2026-06-25T03:52:00Z,2026-06-28T20:59:58Z,2026-06-28T22:00:00Z,1.0,9409531.87,5113404.46
KXWCGAME-26JUN28RSACAN,South Africa vs Canada: Regulation Time Moneyline,KXWCGAME-26JUN28RSACAN-TIE,Reg Time: Tie,Reg Time: Tie,finalized,no,2026-06-25T03:52:00Z,2026-06-28T20:59:58Z,2026-06-28T22:00:00Z,0.0,4227673.99,1945688.66
KXWCGAME-26JUN27JORARG,Jordan vs Argentina,KXWCGAME-26JUN27JORARG-JOR,Jordan,Jordan,finalized,no,2026-02-04T18:28:00Z,2026-06-28T03:59:48Z,2026-06-28T03:50:18.326Z,0.0,15414222.89,12716615.29
KXWCGAME-26JUN27JORARG,Jordan vs Argentina,KXWCGAME-26JUN27JORARG-ARG,Argentina,Argentina,finalized,yes,2026-02-04T18:28:00Z,2026-06-28T03:59:48Z,2026-06-28T03:50:18.326Z,1.0,16156472.79,9039744.24
KXWCGAME-26JUN27JORARG,Jordan vs Argentina,KXWCGAME-26JUN27JORARG-TIE,Tie,Tie,finalized,no,2026-02-04T18:28:00Z,2026-06-28T03:59:48Z,2026-06-28T03:50:18.326Z,0.0,8911285.04,6449341.52
KXWCGAME-26JUN27DZAAUT,Algeria vs Austria,KXWCGAME-26JUN27DZAAUT-DZA,Algeria,Algeria,finalized,no,2026-02-04T18:28:00Z,2026-06-28T03:59:49Z,2026-06-28T03:49:58.379Z,0.0,21666689.81,10229536.11
KXWCGAME-26JUN27DZAAUT,Algeria vs Austria,KXWCGAME-26JUN27DZAAUT-AUT,Austria,Austria,finalized,no,2026-02-04T18:28:00Z,2026-06-28T03:59:49Z,2026-06-28T03:49:58.379Z,0.0,21595997.38,12006829.8
KXWCGAME-26JUN27DZAAUT,Algeria vs Austria,KXWCGAME-26JUN27DZAAUT-TIE,Tie,Tie,finalized,yes,2026-02-04T18:28:00Z,2026-06-28T03:59:49Z,2026-06-28T03:49:58.379Z,1.0,15810217.02,7718373.16
KXWCGAME-26JUN27COLPOR,Colombia vs Portugal,KXWCGAME-26JUN27COLPOR-COL,Colombia,Colombia,finalized,no,2026-02-04T18:28:00Z,2026-06-28T01:29:42Z,2026-06-28T01:18:29.71Z,0.0,30359673.3,19730584.51
KXWCGAME-26JUN27COLPOR,Colombia vs Portugal,KXWCGAME-26JUN27COLPOR-POR,Portugal,Portugal,finalized,no,2026-02-04T18:28:00Z,2026-06-28T01:29:42Z,2026-06-28T01:18:29.71Z,0.0,33637175.59,21167894.45
KXWCGAME-26JUN27COLPOR,Colombia vs Portugal,KXWCGAME-26JUN27COLPOR-TIE,Tie,Tie,finalized,yes,2026-02-04T18:28:00Z,2026-06-28T01:29:42Z,2026-06-28T01:18:29.71Z,1.0,15162507.93,7493684.68
KXWCGAME-26JUN27CODUZB,Congo DR vs Uzbekistan,KXWCGAME-26JUN27CODUZB-COD,Congo DR,Congo DR,finalized,yes,2026-05-22T18:52:00Z,2026-06-28T01:34:24Z,2026-06-28T02:30:00Z,1.0,10239254.05,4651818.69
KXWCGAME-26JUN27CODUZB,Congo DR vs Uzbekistan,KXWCGAME-26JUN27CODUZB-UZB,Uzbekistan,Uzbekistan,finalized,no,2026-05-22T18:52:00Z,2026-06-28T01:34:24Z,2026-06-28T02:30:00Z,0.0,8508004.95,4266453.19
KXWCGAME-26JUN27CODUZB,Congo DR vs Uzbekistan,KXWCGAME-26JUN27CODUZB-TIE,Tie,Tie,finalized,no,2026-05-22T18:52:00Z,2026-06-28T01:34:24Z,2026-06-28T02:30:00Z,0.0,5215367.71,1770496.89
KXWCGAME-26JUN27PANENG,Panama vs England,KXWCGAME-26JUN27PANENG-PAN,Panama,Panama,finalized,no,2026-02-04T18:28:00Z,2026-06-27T22:54:29Z,,0.0,14072666.27,10115686.87
KXWCGAME-26JUN27PANENG,Panama vs England,KXWCGAME-26JUN27PANENG-ENG,England,England,finalized,yes,2026-02-04T18:28:00Z,2026-06-27T22:54:29Z,,1.0,11195085.54,5362258.13
KXWCGAME-26JUN27PANENG,Panama vs England,KXWCGAME-26JUN27PANENG-TIE,Tie,Tie,finalized,no,2026-02-04T18:28:00Z,2026-06-27T22:54:29Z,,0.0,7048288.56,4059934.39
KXWCGAME-26JUN27CROGHA,Croatia vs Ghana,KXWCGAME-26JUN27CROGHA-CRO,Croatia,Croatia,finalized,yes,2026-02-04T18:28:00Z,2026-06-27T22:59:47Z,,1.0,14174319.28,6988310.29
KXWCGAME-26JUN27CROGHA,Croatia vs Ghana,KXWCGAME-26JUN27CROGHA-GHA,Ghana,Ghana,finalized,no,2026-02-04T18:28:00Z,2026-06-27T22:59:47Z,,0.0,13525620.74,8592457.38
KXWCGAME-26JUN27CROGHA,Croatia vs Ghana,KXWCGAME-26JUN27CROGHA-TIE,Tie,Tie,finalized,no,2026-02-04T18:28:00Z,2026-06-27T22:59:47Z,,0.0,9486536.76,4553180.82
KXWCGAME-26JUN26NZLBEL,New Zealand vs Belgium,KXWCGAME-26JUN26NZLBEL-NZL,New Zealand,New Zealand,finalized,no,2026-02-04T18:28:00Z,2026-06-27T04:59:37Z,2026-06-27T04:48:36.923Z,0.0,17505950.79,14653561.56
KXWCGAME-26JUN26NZLBEL,New Zealand vs Belgium,KXWCGAME-26JUN26NZLBEL-BEL,Belgium,Belgium,finalized,yes,2026-02-04T18:28:00Z,2026-06-27T04:59:37Z,2026-06-27T04:48:36.923Z,1.0,8415728.06,5328498.65
KXWCGAME-26JUN26NZLBEL,New Zealand vs Belgium,KXWCGAME-26JUN26NZLBEL-TIE,Tie,Tie,finalized,no,2026-02-04T18:28:00Z,2026-06-27T04:59:37Z,2026-06-27T04:48:36.923Z,0.0,6638911.82,4791021.76
KXWCGAME-26JUN26EGYIRI,Egypt vs IR Iran,KXWCGAME-26JUN26EGYIRI-EGY,Egypt,Egypt,finalized,no,2026-02-04T18:28:00Z,2026-06-27T05:04:22Z,2026-06-27T04:50:43.131Z,0.0,28413018.66,16362853.03
KXWCGAME-26JUN26EGYIRI,Egypt vs IR Iran,KXWCGAME-26JUN26EGYIRI-IRI,IR Iran,IR Iran,finalized,no,2026-02-04T18:28:00Z,2026-06-27T05:04:22Z,2026-06-27T04:50:43.131Z,0.0,14656305.67,6774079.75
KXWCGAME-26JUN26EGYIRI,Egypt vs IR Iran,KXWCGAME-26JUN26EGYIRI-TIE,Tie,Tie,finalized,yes,2026-02-04T18:28:00Z,2026-06-27T05:04:22Z,2026-06-27T04:50:43.131Z,1.0,11827732.51,4709930.34
KXWCGAME-26JUN26URUESP,Uruguay vs Spain,KXWCGAME-26JUN26URUESP-URU,Uruguay,Uruguay,finalized,no,2026-02-04T18:28:00Z,2026-06-27T02:04:26Z,2026-06-27T01:51:28.461Z,0.0,14636488.21,10574594.12
KXWCGAME-26JUN26URUESP,Uruguay vs Spain,KXWCGAME-26JUN26URUESP-ESP,Spain,Spain,finalized,yes,2026-02-04T18:28:00Z,2026-06-27T02:04:26Z,2026-06-27T01:51:28.461Z,1.0,29086078.32,17947083.91
KXWCGAME-26JUN26URUESP,Uruguay vs Spain,KXWCGAME-26JUN26URUESP-TIE,Tie,Tie,finalized,no,2026-02-04T18:28:00Z,2026-06-27T02:04:26Z,2026-06-27T01:51:28.461Z,0.0,5221912.1,2762804.64
KXWCGAME-26JUN26CPVKSA,Cape Verde vs Saudi Arabia,KXWCGAME-26JUN26CPVKSA-CPV,Cape Verde,Cape Verde,finalized,no,2026-02-04T18:28:00Z,2026-06-27T01:59:41Z,,0.0,15342166.82,9172698.81
KXWCGAME-26JUN26CPVKSA,Cape Verde vs Saudi Arabia,KXWCGAME-26JUN26CPVKSA-KSA,Saudi Arabia,Saudi Arabia,finalized,no,2026-02-04T18:28:00Z,2026-06-27T01:59:41Z,,0.0,4572761.74,3129943.05
KXWCGAME-26JUN26CPVKSA,Cape Verde vs Saudi Arabia,KXWCGAME-26JUN26CPVKSA-TIE,Tie,Tie,finalized,yes,2026-02-04T18:28:00Z,2026-06-27T01:59:41Z,,1.0,5998460.63,3918012.76
KXWCGAME-26JUN26SENIRQ,Senegal vs Iraq,KXWCGAME-26JUN26SENIRQ-SEN,Senegal,Senegal,finalized,yes,2026-05-22T18:52:00Z,2026-06-26T21:04:26Z,2026-06-26T22:00:00Z,1.0,5890419.92,3233858.68
KXWCGAME-26JUN26SENIRQ,Senegal vs Iraq,KXWCGAME-26JUN26SENIRQ-IRQ,Iraq,Iraq,finalized,no,2026-05-22T18:52:00Z,2026-06-26T21:04:26Z,2026-06-26T22:00:00Z,0.0,14036513.85,10691637.89
KXWCGAME-26JUN26SENIRQ,Senegal vs Iraq,KXWCGAME-26JUN26SENIRQ-TIE,Tie,Tie,finalized,no,2026-05-22T18:52:00Z,2026-06-26T21:04:26Z,2026-06-26T22:00:00Z,0.0,6785499.84,5320231.22
KXWCGAME-26JUN26NORFRA,Norway vs France,KXWCGAME-26JUN26NORFRA-NOR,Norway,Norway,finalized,no,2026-02-04T18:28:00Z,2026-06-26T21:00:37Z,2026-06-26T20:50:05.814Z,0.0,28136566.92,19504997.66
KXWCGAME-26JUN26NORFRA,Norway vs France,KXWCGAME-26JUN26NORFRA-FRA,France,France,finalized,yes,2026-02-04T18:28:00Z,2026-06-26T21:00:37Z,2026-06-26T20:50:05.814Z,1.0,30948908.7,24197935.48
KXWCGAME-26JUN26NORFRA,Norway vs France,KXWCGAME-26JUN26NORFRA-TIE,Tie,Tie,finalized,no,2026-02-04T18:28:00Z,2026-06-26T21:00:37Z,2026-06-26T20:50:05.814Z,0.0,12729852.61,8204286.15
KXWCGAME-26JUN25TURUSA,Turkiye vs USA,KXWCGAME-26JUN25TURUSA-TUR,Turkiye,Turkiye,finalized,yes,2026-05-22T18:52:00Z,2026-06-26T04:03:34Z,2026-06-26T05:00:00Z,1.0,18589617.53,8299053.28
KXWCGAME-26JUN25TURUSA,Turkiye vs USA,KXWCGAME-26JUN25TURUSA-USA,USA,USA,finalized,no,2026-05-22T18:52:00Z,2026-06-26T04:03:34Z,2026-06-26T05:00:00Z,0.0,96779940.43,58087444.58
KXWCGAME-26JUN25TURUSA,Turkiye vs USA,KXWCGAME-26JUN25TURUSA-TIE,Tie,Tie,finalized,no,2026-05-22T18:52:00Z,2026-06-26T04:03:34Z,2026-06-26T05:00:00Z,0.0,20299680.14,10289465.49
KXWCGAME-26JUN25PARAUS,Paraguay vs Australia,KXWCGAME-26JUN25PARAUS-PAR,Paraguay,Paraguay,finalized,no,2026-02-04T18:28:00Z,2026-06-26T03:59:49Z,2026-06-26T03:49:03.17Z,0.0,8610873.75,5761543.05
KXWCGAME-26JUN25PARAUS,Paraguay vs Australia,KXWCGAME-26JUN25PARAUS-AUS,Australia,Australia,finalized,no,2026-02-04T18:28:00Z,2026-06-26T03:59:49Z,2026-06-26T03:49:03.17Z,0.0,13714043.62,9705571.43
KXWCGAME-26JUN25PARAUS,Paraguay vs Australia,KXWCGAME-26JUN25PARAUS-TIE,Tie,Tie,finalized,yes,2026-02-04T18:28:00Z,2026-06-26T03:59:49Z,2026-06-26T03:49:03.17Z,1.0,3176883.02,1866776.42
KXWCGAME-26JUN25TUNNED,Tunisia vs Netherlands,KXWCGAME-26JUN25TUNNED-TUN,Tunisia,Tunisia,finalized,no,2026-02-04T18:28:00Z,2026-06-26T00:54:28Z,,0.0,9211070.93,7520979.29
KXWCGAME-26JUN25TUNNED,Tunisia vs Netherlands,KXWCGAME-26JUN25TUNNED-NED,Netherlands,Netherlands,finalized,yes,2026-02-04T18:28:00Z,2026-06-26T00:54:28Z,,1.0,8357907.61,4932777.18
KXWCGAME-26JUN25TUNNED,Tunisia vs Netherlands,KXWCGAME-26JUN25TUNNED-TIE,Tie,Tie,finalized,no,2026-02-04T18:28:00Z,2026-06-26T00:54:28Z,,0.0,5245838.32,4052292.98
KXWCGAME-26JUN25JPNSWE,Japan vs Sweden,KXWCGAME-26JUN25JPNSWE-JPN,Japan,Japan,finalized,no,2026-05-22T18:52:00Z,2026-06-26T00:59:40Z,2026-06-26T02:00:00Z,0.0,35923827.93,21939570.17
KXWCGAME-26JUN25JPNSWE,Japan vs Sweden,KXWCGAME-26JUN25JPNSWE-SWE,Sweden,Sweden,finalized,no,2026-05-22T18:52:00Z,2026-06-26T00:59:40Z,2026-06-26T02:00:00Z,0.0,18820844.51,13999684.33
KXWCGAME-26JUN25JPNSWE,Japan vs Sweden,KXWCGAME-26JUN25JPNSWE-TIE,Tie,Tie,finalized,yes,2026-05-22T18:52:00Z,2026-06-26T00:59:40Z,2026-06-26T02:00:00Z,1.0,11861965.84,7898735.43
KXWCGAME-26JUN25ECUGER,Ecuador vs Germany,KXWCGAME-26JUN25ECUGER-ECU,Ecuador,Ecuador,finalized,yes,2026-02-04T18:27:00Z,2026-06-25T22:00:22Z,2026-06-25T21:49:54.891Z,1.0,21432564.34,13697301.07
KXWCGAME-26JUN25ECUGER,Ecuador vs Germany,KXWCGAME-26JUN25ECUGER-GER,Germany,Germany,finalized,no,2026-02-04T18:27:00Z,2026-06-25T22:00:22Z,2026-06-25T21:49:54.891Z,0.0,58531169.33,34833625.18
KXWCGAME-26JUN25ECUGER,Ecuador vs Germany,KXWCGAME-26JUN25ECUGER-TIE,Tie,Tie,finalized,no,2026-02-04T18:27:00Z,2026-06-25T22:00:22Z,2026-06-25T21:49:54.891Z,0.0,18190976.54,11301019.48
KXWCGAME-26JUN25CUWCIV,Curacao vs Ivory Coast,KXWCGAME-26JUN25CUWCIV-CUW,Curacao,Curacao,finalized,no,2026-02-04T18:28:00Z,2026-06-25T21:59:43Z,2026-06-25T21:50:22.905Z,0.0,11011776.63,8962538.85
KXWCGAME-26JUN25CUWCIV,Curacao vs Ivory Coast,KXWCGAME-26JUN25CUWCIV-CIV,Ivory Coast,Ivory Coast,finalized,yes,2026-02-04T18:28:00Z,2026-06-25T21:59:43Z,2026-06-25T21:50:22.905Z,1.0,4062886.75,2627022.12
KXWCGAME-26JUN25CUWCIV,Curacao vs Ivory Coast,KXWCGAME-26JUN25CUWCIV-TIE,Tie,Tie,finalized,no,2026-02-04T18:28:00Z,2026-06-25T21:59:43Z,2026-06-25T21:50:22.905Z,0.0,4305512.96,3017832.57
KXWCGAME-26JUN24RSAKOR,South Africa vs Korea Republic,KXWCGAME-26JUN24RSAKOR-RSA,South Africa,South Africa,finalized,yes,2026-02-04T18:27:00Z,2026-06-25T02:58:12Z,2026-06-25T02:47:32.98Z,1.0,23247006.43,17370529.06
KXWCGAME-26JUN24RSAKOR,South Africa vs Korea Republic,KXWCGAME-26JUN24RSAKOR-KOR,Korea Republic,Korea Republic,finalized,no,2026-02-04T18:27:00Z,2026-06-25T02:58:12Z,2026-06-25T02:47:32.98Z,0.0,26681574.27,17146307.94
KXWCGAME-26JUN24RSAKOR,South Africa vs Korea Republic,KXWCGAME-26JUN24RSAKOR-TIE,Tie,Tie,finalized,no,2026-02-04T18:27:00Z,2026-06-25T02:58:12Z,2026-06-25T02:47:32.98Z,0.0,15959291.76,12765059.57
KXWCGAME-26JUN24CZEMEX,Czechia vs Mexico,KXWCGAME-26JUN24CZEMEX-CZE,Czechia,Czechia,finalized,no,2026-05-22T18:52:00Z,2026-06-25T02:58:50Z,2026-06-25T04:00:00Z,0.0,7415788.02,5573195.83
KXWCGAME-26JUN24CZEMEX,Czechia vs Mexico,KXWCGAME-26JUN24CZEMEX-MEX,Mexico,Mexico,finalized,yes,2026-05-22T18:52:00Z,2026-06-25T02:58:50Z,2026-06-25T04:00:00Z,1.0,48926224.65,31267906.87
KXWCGAME-26JUN24CZEMEX,Czechia vs Mexico,KXWCGAME-26JUN24CZEMEX-TIE,Tie,Tie,finalized,no,2026-05-22T18:52:00Z,2026-06-25T02:58:50Z,2026-06-25T04:00:00Z,0.0,7628273.13,4165869.57
KXWCGAME-26JUN24SCOBRA,Scotland vs Brazil,KXWCGAME-26JUN24SCOBRA-SCO,Scotland,Scotland,finalized,no,2026-02-04T18:27:00Z,2026-06-25T00:04:27Z,2026-06-24T23:52:43.937Z,0.0,7205404.78,5337835.33
KXWCGAME-26JUN24SCOBRA,Scotland vs Brazil,KXWCGAME-26JUN24SCOBRA-BRA,Brazil,Brazil,finalized,yes,2026-02-04T18:27:00Z,2026-06-25T00:04:27Z,2026-06-24T23:52:43.937Z,1.0,18634319.91,11498696.23
KXWCGAME-26JUN24SCOBRA,Scotland vs Brazil,KXWCGAME-26JUN24SCOBRA-TIE,Tie,Tie,finalized,no,2026-02-04T18:27:00Z,2026-06-25T00:04:27Z,2026-06-24T23:52:43.937Z,0.0,3570827.74,2196852.85
KXWCGAME-26JUN24MARHTI,Morocco vs Haiti,KXWCGAME-26JUN24MARHTI-MAR,Morocco,Morocco,finalized,yes,2026-02-04T18:27:00Z,2026-06-25T00:04:58Z,2026-06-24T23:51:45.482Z,1.0,26218276.06,14130179.76
KXWCGAME-26JUN24MARHTI,Morocco vs Haiti,KXWCGAME-26JUN24MARHTI-HTI,Haiti,Haiti,finalized,no,2026-02-04T18:27:00Z,2026-06-25T00:04:58Z,2026-06-24T23:51:45.482Z,0.0,29214508.1,20251540.22
KXWCGAME-26JUN24MARHTI,Morocco vs Haiti,KXWCGAME-26JUN24MARHTI-TIE,Tie,Tie,finalized,no,2026-02-04T18:27:00Z,2026-06-25T00:04:58Z,2026-06-24T23:51:45.482Z,0.0,16059838.68,9102622.41
KXWCGAME-26JUN24SUICAN,Switzerland vs Canada,KXWCGAME-26JUN24SUICAN-SUI,Switzerland,Switzerland,finalized,yes,2026-02-04T18:27:00Z,2026-06-24T21:00:02Z,2026-06-24T20:49:06.74Z,1.0,21109191.5,10502267.07
KXWCGAME-26JUN24SUICAN,Switzerland vs Canada,KXWCGAME-26JUN24SUICAN-CAN,Canada,Canada,finalized,no,2026-02-04T18:27:00Z,2026-06-24T21:00:02Z,2026-06-24T20:49:06.74Z,0.0,17390233.98,10961341.59
KXWCGAME-26JUN24SUICAN,Switzerland vs Canada,KXWCGAME-26JUN24SUICAN-TIE,Tie,Tie,finalized,no,2026-02-04T18:27:00Z,2026-06-24T21:00:02Z,2026-06-24T20:49:06.74Z,0.0,9236882.56,4810679.37
KXWCGAME-26JUN24BIHQAT,Bosnia and Herzegovina vs Qatar,KXWCGAME-26JUN24BIHQAT-BIH,Bosnia and Herzegovina,Bosnia and Herzegovina,finalized,yes,2026-05-22T18:52:00Z,2026-06-24T21:00:18Z,2026-06-24T22:00:00Z,1.0,9947014.93,5556538.22
KXWCGAME-26JUN24BIHQAT,Bosnia and Herzegovina vs Qatar,KXWCGAME-26JUN24BIHQAT-QAT,Qatar,Qatar,finalized,no,2026-05-22T18:52:00Z,2026-06-24T21:00:18Z,2026-06-24T22:00:00Z,0.0,9791343.3,5079244.7
KXWCGAME-26JUN24BIHQAT,Bosnia and Herzegovina vs Qatar,KXWCGAME-26JUN24BIHQAT-TIE,Tie,Tie,finalized,no,2026-05-22T18:52:00Z,2026-06-24T21:00:18Z,2026-06-24T22:00:00Z,0.0,4905778.57,2216196.04
KXWCGAME-26JUN23COLCOD,Colombia vs Congo DR,KXWCGAME-26JUN23COLCOD-COL,Colombia,Colombia,finalized,yes,2026-05-22T18:52:00Z,2026-06-24T03:59:39Z,2026-06-24T05:00:00Z,1.0,39369170.56,21308630.61
KXWCGAME-26JUN23COLCOD,Colombia vs Congo DR,KXWCGAME-26JUN23COLCOD-COD,Congo DR,Congo DR,finalized,no,2026-05-22T18:52:00Z,2026-06-24T03:59:39Z,2026-06-24T05:00:00Z,0.0,17589759.42,12859653.54
KXWCGAME-26JUN23COLCOD,Colombia vs Congo DR,KXWCGAME-26JUN23COLCOD-TIE,Tie,Tie,finalized,no,2026-05-22T18:52:00Z,2026-06-24T03:59:39Z,2026-06-24T05:00:00Z,0.0,17401694.82,8109378.16
KXWCGAME-26JUN23PANCRO,Panama vs Croatia,KXWCGAME-26JUN23PANCRO-PAN,Panama,Panama,finalized,no,2026-02-04T18:27:00Z,2026-06-24T00:54:27Z,,0.0,15916161.22,9346263.96
KXWCGAME-26JUN23PANCRO,Panama vs Croatia,KXWCGAME-26JUN23PANCRO-CRO,Croatia,Croatia,finalized,yes,2026-02-04T18:27:00Z,2026-06-24T00:54:27Z,,1.0,23194715.92,13436353.02
KXWCGAME-26JUN23PANCRO,Panama vs Croatia,KXWCGAME-26JUN23PANCRO-TIE,Tie,Tie,finalized,no,2026-02-04T18:27:00Z,2026-06-24T00:54:27Z,,0.0,13022833.28,6423404.21
KXWCGAME-26JUN23ENGGHA,England vs Ghana,KXWCGAME-26JUN23ENGGHA-ENG,England,England,finalized,no,2026-02-04T18:27:00Z,2026-06-23T21:59:41Z,,0.0,28817343.26,15277830.19
KXWCGAME-26JUN23ENGGHA,England vs Ghana,KXWCGAME-26JUN23ENGGHA-GHA,Ghana,Ghana,finalized,no,2026-02-04T18:27:00Z,2026-06-23T21:59:41Z,,0.0,24551443.94,16658276.58
KXWCGAME-26JUN23ENGGHA,England vs Ghana,KXWCGAME-26JUN23ENGGHA-TIE,Tie,Tie,finalized,yes,2026-02-04T18:27:00Z,2026-06-23T21:59:41Z,,1.0,16832953.18,10564520.59
KXWCGAME-26JUN23PORUZB,Portugal vs Uzbekistan,KXWCGAME-26JUN23PORUZB-POR,Portugal,Portugal,finalized,yes,2026-02-04T18:27:00Z,2026-06-23T18:59:43Z,2026-06-23T18:50:04.907Z,1.0,19077685.65,12727797.49
KXWCGAME-26JUN23PORUZB,Portugal vs Uzbekistan,KXWCGAME-26JUN23PORUZB-UZB,Uzbekistan,Uzbekistan,finalized,no,2026-02-04T18:27:00Z,2026-06-23T18:59:43Z,2026-06-23T18:50:04.907Z,0.0,11714781.69,8968338.76
KXWCGAME-26JUN23PORUZB,Portugal vs Uzbekistan,KXWCGAME-26JUN23PORUZB-TIE,Tie,Tie,finalized,no,2026-02-04T18:27:00Z,2026-06-23T18:59:43Z,2026-06-23T18:50:04.907Z,0.0,6983327.55,5572127.45
KXWCGAME-26JUN22JORDZA,Jordan vs Algeria,KXWCGAME-26JUN22JORDZA-JOR,Jordan,Jordan,finalized,no,2026-02-04T18:27:00Z,2026-06-23T04:59:39Z,,0.0,26845390.59,15694662.15
KXWCGAME-26JUN22JORDZA,Jordan vs Algeria,KXWCGAME-26JUN22JORDZA-DZA,Algeria,Algeria,finalized,yes,2026-02-04T18:27:00Z,2026-06-23T04:59:39Z,,1.0,26044478.5,13901724.05
KXWCGAME-26JUN22JORDZA,Jordan vs Algeria,KXWCGAME-26JUN22JORDZA-TIE,Tie,Tie,finalized,no,2026-02-04T18:27:00Z,2026-06-23T04:59:39Z,,0.0,19698264.41,8720782.71
KXWCGAME-26JUN22NORSEN,Norway vs Senegal,KXWCGAME-26JUN22NORSEN-NOR,Norway,Norway,finalized,yes,2026-02-04T18:27:00Z,2026-06-23T02:00:17Z,2026-06-23T01:49:55.095Z,1.0,46497315.62,26131721.49
KXWCGAME-26JUN22NORSEN,Norway vs Senegal,KXWCGAME-26JUN22NORSEN-SEN,Senegal,Senegal,finalized,no,2026-02-04T18:27:00Z,2026-06-23T02:00:17Z,2026-06-23T01:49:55.095Z,0.0,11685475.71,6762084.66
KXWCGAME-26JUN22NORSEN,Norway vs Senegal,KXWCGAME-26JUN22NORSEN-TIE,Tie,Tie,finalized,no,2026-02-04T18:27:00Z,2026-06-23T02:00:17Z,2026-06-23T01:49:55.095Z,0.0,13675827.57,5651888.75
KXWCGAME-26JUN22FRAIRQ,France vs Iraq,KXWCGAME-26JUN22FRAIRQ-FRA,France,France,finalized,yes,2026-05-22T18:51:00Z,2026-06-23T00:49:33Z,2026-06-23T00:00:00Z,1.0,18708311.12,12948672.12
KXWCGAME-26JUN22FRAIRQ,France vs Iraq,KXWCGAME-26JUN22FRAIRQ-IRQ,Iraq,Iraq,finalized,no,2026-05-22T18:51:00Z,2026-06-23T00:49:33Z,2026-06-23T00:00:00Z,0.0,20706623.06,17403046.95
KXWCGAME-26JUN22FRAIRQ,France vs Iraq,KXWCGAME-26JUN22FRAIRQ-TIE,Tie,Tie,finalized,no,2026-05-22T18:51:00Z,2026-06-23T00:49:33Z,2026-06-23T00:00:00Z,0.0,12230058.68,9652406.32
KXWCGAME-26JUN22ARGAUT,Argentina vs Austria,KXWCGAME-26JUN22ARGAUT-ARG,Argentina,Argentina,finalized,yes,2026-02-04T18:27:00Z,2026-06-22T19:04:16Z,2026-06-22T18:53:34.28Z,1.0,41255241.64,27442741.26
KXWCGAME-26JUN22ARGAUT,Argentina vs Austria,KXWCGAME-26JUN22ARGAUT-AUT,Austria,Austria,finalized,no,2026-02-04T18:27:00Z,2026-06-22T19:04:16Z,2026-06-22T18:53:34.28Z,0.0,9414777.26,5668413.6
KXWCGAME-26JUN22ARGAUT,Argentina vs Austria,KXWCGAME-26JUN22ARGAUT-TIE,Tie,Tie,finalized,no,2026-02-04T18:27:00Z,2026-06-22T19:04:16Z,2026-06-22T18:53:34.28Z,0.0,6057643.45,3661388.14
KXWCGAME-26JUN21NZLEGY,New Zealand vs Egypt,KXWCGAME-26JUN21NZLEGY-NZL,New Zealand,New Zealand,finalized,no,2026-02-04T18:27:00Z,2026-06-22T03:04:26Z,2026-06-22T02:52:11.574Z,0.0,27312696.05,18151372.91
KXWCGAME-26JUN21NZLEGY,New Zealand vs Egypt,KXWCGAME-26JUN21NZLEGY-EGY,Egypt,Egypt,finalized,yes,2026-02-04T18:27:00Z,2026-06-22T03:04:26Z,2026-06-22T02:52:11.574Z,1.0,24255897.72,12993806.59
KXWCGAME-26JUN21NZLEGY,New Zealand vs Egypt,KXWCGAME-26JUN21NZLEGY-TIE,Tie,Tie,finalized,no,2026-02-04T18:27:00Z,2026-06-22T03:04:26Z,2026-06-22T02:52:11.574Z,0.0,14987180.58,8297857.93
KXWCGAME-26JUN21URUCPV,Uruguay vs Cape Verde,KXWCGAME-26JUN21URUCPV-URU,Uruguay,Uruguay,finalized,no,2026-02-04T18:27:00Z,2026-06-22T00:05:12Z,,0.0,24494304.28,11760087.29
KXWCGAME-26JUN21URUCPV,Uruguay vs Cape Verde,KXWCGAME-26JUN21URUCPV-CPV,Cape Verde,Cape Verde,finalized,no,2026-02-04T18:27:00Z,2026-06-22T00:05:12Z,,0.0,49706930.41,25609525.02
KXWCGAME-26JUN21URUCPV,Uruguay vs Cape Verde,KXWCGAME-26JUN21URUCPV-TIE,Tie,Tie,finalized,yes,2026-02-04T18:27:00Z,2026-06-22T00:05:12Z,,1.0,24159973.69,11595792.17
KXWCGAME-26JUN21BELIRI,Belgium vs IR Iran,KXWCGAME-26JUN21BELIRI-BEL,Belgium,Belgium,finalized,no,2026-02-04T18:27:00Z,2026-06-21T20:59:59Z,,0.0,26814183.02,14894486.12
KXWCGAME-26JUN21BELIRI,Belgium vs IR Iran,KXWCGAME-26JUN21BELIRI-IRI,IR Iran,IR Iran,finalized,no,2026-02-04T18:27:00Z,2026-06-21T20:59:59Z,,0.0,18690578.4,10475870.49
KXWCGAME-26JUN21BELIRI,Belgium vs IR Iran,KXWCGAME-26JUN21BELIRI-TIE,Tie,Tie,finalized,yes,2026-02-04T18:27:00Z,2026-06-21T20:59:59Z,,1.0,13506643.86,8249936.91
KXWCGAME-26JUN21ESPKSA,Spain vs Saudi Arabia,KXWCGAME-26JUN21ESPKSA-ESP,Spain,Spain,finalized,yes,2026-02-04T18:27:00Z,2026-06-21T18:03:55Z,2026-06-21T17:51:51.12Z,1.0,6707567.7,4885043.76
KXWCGAME-26JUN21ESPKSA,Spain vs Saudi Arabia,KXWCGAME-26JUN21ESPKSA-KSA,Saudi Arabia,Saudi Arabia,finalized,no,2026-02-04T18:27:00Z,2026-06-21T18:03:55Z,2026-06-21T17:51:51.12Z,0.0,13863227.83,12289371.89
KXWCGAME-26JUN21ESPKSA,Spain vs Saudi Arabia,KXWCGAME-26JUN21ESPKSA-TIE,Tie,Tie,finalized,no,2026-02-04T18:27:00Z,2026-06-21T18:03:55Z,2026-06-21T17:51:51.12Z,0.0,5354629.27,4542703.6
KXWCGAME-26JUN21TUNJPN,Tunisia vs Japan,KXWCGAME-26JUN21TUNJPN-TUN,Tunisia,Tunisia,finalized,no,2026-02-04T18:27:00Z,2026-06-21T05:57:29Z,2026-06-21T05:46:45.057Z,0.0,20658674.43,18720505.04
KXWCGAME-26JUN21TUNJPN,Tunisia vs Japan,KXWCGAME-26JUN21TUNJPN-JPN,Japan,Japan,finalized,yes,2026-02-04T18:27:00Z,2026-06-21T05:57:29Z,2026-06-21T05:46:45.057Z,1.0,25681183.3,17915607.73
KXWCGAME-26JUN21TUNJPN,Tunisia vs Japan,KXWCGAME-26JUN21TUNJPN-TIE,Tie,Tie,finalized,no,2026-02-04T18:27:00Z,2026-06-21T05:57:29Z,2026-06-21T05:46:45.057Z,0.0,12618818.11,9033981.38
KXWCGAME-26JUN20ECUCUW,Ecuador vs Curacao,KXWCGAME-26JUN20ECUCUW-ECU,Ecuador,Ecuador,finalized,no,2026-02-04T18:27:00Z,2026-06-21T01:58:46Z,2026-06-21T01:46:14.727Z,0.0,14459762.79,7873562.4
KXWCGAME-26JUN20ECUCUW,Ecuador vs Curacao,KXWCGAME-26JUN20ECUCUW-CUW,Curacao,Curacao,finalized,no,2026-02-04T18:27:00Z,2026-06-21T01:58:46Z,2026-06-21T01:46:14.727Z,0.0,38620903.99,26468233.2
KXWCGAME-26JUN20ECUCUW,Ecuador vs Curacao,KXWCGAME-26JUN20ECUCUW-TIE,Tie,Tie,finalized,yes,2026-02-04T18:27:00Z,2026-06-21T01:58:46Z,2026-06-21T01:46:14.727Z,1.0,18849496.29,11386912.13
KXWCGAME-26JUN20GERCIV,Germany vs Ivory Coast,KXWCGAME-26JUN20GERCIV-GER,Germany,Germany,finalized,yes,2026-02-04T18:27:00Z,2026-06-20T22:01:26Z,2026-06-20T21:50:49.159Z,1.0,64744027.54,29535670.2
KXWCGAME-26JUN20GERCIV,Germany vs Ivory Coast,KXWCGAME-26JUN20GERCIV-CIV,Ivory Coast,Ivory Coast,finalized,no,2026-02-04T18:27:00Z,2026-06-20T22:01:26Z,2026-06-20T21:50:49.159Z,0.0,23157935.38,13947765.26
KXWCGAME-26JUN20GERCIV,Germany vs Ivory Coast,KXWCGAME-26JUN20GERCIV-TIE,Tie,Tie,finalized,no,2026-02-04T18:27:00Z,2026-06-20T22:01:26Z,2026-06-20T21:50:49.159Z,0.0,18324704.77,9404969.77
KXWCGAME-26JUN20NEDSWE,Netherlands vs Sweden,KXWCGAME-26JUN20NEDSWE-NED,Netherlands,Netherlands,finalized,yes,2026-05-22T18:51:00Z,2026-06-20T19:06:22Z,2026-06-20T20:00:00Z,1.0,17406435.05,11979117.3
KXWCGAME-26JUN20NEDSWE,Netherlands vs Sweden,KXWCGAME-26JUN20NEDSWE-SWE,Sweden,Sweden,finalized,no,2026-05-22T18:51:00Z,2026-06-20T19:06:22Z,2026-06-20T20:00:00Z,0.0,12046870.69,9351153.25
KXWCGAME-26JUN20NEDSWE,Netherlands vs Sweden,KXWCGAME-26JUN20NEDSWE-TIE,Tie,Tie,finalized,no,2026-05-22T18:51:00Z,2026-06-20T19:06:22Z,2026-06-20T20:00:00Z,0.0,5887228.89,4421818.34
KXWCGAME-26JUN19TURPAR,Turkiye vs Paraguay,KXWCGAME-26JUN19TURPAR-TUR,Turkiye,Turkiye,finalized,no,2026-05-22T18:51:00Z,2026-06-20T05:10:54Z,2026-06-20T06:00:00Z,0.0,38708747.33,21164115.52
KXWCGAME-26JUN19TURPAR,Turkiye vs Paraguay,KXWCGAME-26JUN19TURPAR-PAR,Paraguay,Paraguay,finalized,yes,2026-05-22T18:51:00Z,2026-06-20T05:10:54Z,2026-06-20T06:00:00Z,1.0,25119465.45,14444590.55
KXWCGAME-26JUN19TURPAR,Turkiye vs Paraguay,KXWCGAME-26JUN19TURPAR-TIE,Tie,Tie,finalized,no,2026-05-22T18:51:00Z,2026-06-20T05:10:54Z,2026-06-20T06:00:00Z,0.0,12358284.51,7233917.51
KXWCGAME-26JUN19BRAHTI,Brazil vs Haiti,KXWCGAME-26JUN19BRAHTI-BRA,Brazil,Brazil,finalized,yes,2026-02-04T18:27:00Z,2026-06-20T02:52:13Z,2026-06-20T02:36:28.428Z,1.0,13919829.51,9467762.08
KXWCGAME-26JUN19BRAHTI,Brazil vs Haiti,KXWCGAME-26JUN19BRAHTI-HTI,Haiti,Haiti,finalized,no,2026-02-04T18:27:00Z,2026-06-20T02:52:13Z,2026-06-20T02:36:28.428Z,0.0,36697847.43,31075087.02
KXWCGAME-26JUN19BRAHTI,Brazil vs Haiti,KXWCGAME-26JUN19BRAHTI-TIE,Tie,Tie,finalized,no,2026-02-04T18:27:00Z,2026-06-20T02:52:13Z,2026-06-20T02:36:28.428Z,0.0,10128582.73,7663389.15
KXWCGAME-26JUN19SCOMAR,Scotland vs Morocco,KXWCGAME-26JUN19SCOMAR-SCO,Scotland,Scotland,finalized,no,2026-02-04T18:27:00Z,2026-06-20T00:03:23Z,2026-06-19T23:49:50.855Z,0.0,13880080.74,10118531.24
KXWCGAME-26JUN19SCOMAR,Scotland vs Morocco,KXWCGAME-26JUN19SCOMAR-MAR,Morocco,Morocco,finalized,yes,2026-02-04T18:27:00Z,2026-06-20T00:03:23Z,2026-06-19T23:49:50.855Z,1.0,25710970.85,16104400.23
KXWCGAME-26JUN19SCOMAR,Scotland vs Morocco,KXWCGAME-26JUN19SCOMAR-TIE,Tie,Tie,finalized,no,2026-02-04T18:27:00Z,2026-06-20T00:03:23Z,2026-06-19T23:49:50.855Z,0.0,7423765.7,4372351.85
KXWCGAME-26JUN19USAAUS,USA vs Australia,KXWCGAME-26JUN19USAAUS-USA,USA,USA,finalized,yes,2026-02-04T18:27:00Z,2026-06-19T21:10:36Z,2026-06-19T20:54:47.2Z,1.0,34103951.39,23881207.13
KXWCGAME-26JUN19USAAUS,USA vs Australia,KXWCGAME-26JUN19USAAUS-AUS,Australia,Australia,finalized,no,2026-02-04T18:27:00Z,2026-06-19T21:10:36Z,2026-06-19T20:54:47.2Z,0.0,13892572.8,11112627.0
KXWCGAME-26JUN19USAAUS,USA vs Australia,KXWCGAME-26JUN19USAAUS-TIE,Tie,Tie,finalized,no,2026-02-04T18:27:00Z,2026-06-19T21:10:36Z,2026-06-19T20:54:47.2Z,0.0,8291202.24,5602570.77
KXWCGAME-26JUN18MEXKOR,Mexico vs Korea Republic,KXWCGAME-26JUN18MEXKOR-MEX,Mexico,Mexico,finalized,yes,2026-02-04T18:27:00Z,2026-06-19T03:06:17Z,2026-06-19T02:47:18.549Z,1.0,44423041.49,25149598.13
KXWCGAME-26JUN18MEXKOR,Mexico vs Korea Republic,KXWCGAME-26JUN18MEXKOR-KOR,Korea Republic,Korea Republic,finalized,no,2026-02-04T18:27:00Z,2026-06-19T03:06:17Z,2026-06-19T02:47:18.549Z,0.0,33413413.41,26073567.02
KXWCGAME-26JUN18MEXKOR,Mexico vs Korea Republic,KXWCGAME-26JUN18MEXKOR-TIE,Tie,Tie,finalized,no,2026-02-04T18:27:00Z,2026-06-19T03:06:17Z,2026-06-19T02:47:18.549Z,0.0,14248337.58,9706167.94
KXWCGAME-26JUN18CANQAT,Canada vs Qatar,KXWCGAME-26JUN18CANQAT-CAN,Canada,Canada,finalized,yes,2026-02-04T18:27:00Z,2026-06-19T00:03:08Z,2026-06-18T23:51:57.169Z,1.0,8281919.58,6100152.65
KXWCGAME-26JUN18CANQAT,Canada vs Qatar,KXWCGAME-26JUN18CANQAT-QAT,Qatar,Qatar,finalized,no,2026-02-04T18:27:00Z,2026-06-19T00:03:08Z,2026-06-18T23:51:57.169Z,0.0,12253090.87,10748594.61
KXWCGAME-26JUN18CANQAT,Canada vs Qatar,KXWCGAME-26JUN18CANQAT-TIE,Tie,Tie,finalized,no,2026-02-04T18:27:00Z,2026-06-19T00:03:08Z,2026-06-18T23:51:57.169Z,0.0,8361254.92,7407406.67
KXWCGAME-26JUN18SUIBIH,Switzerland vs Bosnia and Herzegovina,KXWCGAME-26JUN18SUIBIH-SUI,Switzerland,Switzerland,finalized,yes,2026-05-22T18:51:00Z,2026-06-18T20:59:14Z,2026-06-18T22:00:00Z,1.0,10363395.97,5965495.65
KXWCGAME-26JUN18SUIBIH,Switzerland vs Bosnia and Herzegovina,KXWCGAME-26JUN18SUIBIH-BIH,Bosnia and Herzegovina,Bosnia and Herzegovina,finalized,no,2026-05-22T18:51:00Z,2026-06-18T20:59:14Z,2026-06-18T22:00:00Z,0.0,8505905.54,6237854.01
KXWCGAME-26JUN18SUIBIH,Switzerland vs Bosnia and Herzegovina,KXWCGAME-26JUN18SUIBIH-TIE,Tie,Tie,finalized,no,2026-05-22T18:51:00Z,2026-06-18T20:59:14Z,2026-06-18T22:00:00Z,0.0,7336952.26,4690680.24
KXWCGAME-26JUN18CZERSA,Czechia vs South Africa,KXWCGAME-26JUN18CZERSA-CZE,Czechia,Czechia,finalized,no,2026-05-22T18:51:00Z,2026-06-18T18:03:24Z,2026-06-18T19:00:00Z,0.0,12592068.12,7234405.24
KXWCGAME-26JUN18CZERSA,Czechia vs South Africa,KXWCGAME-26JUN18CZERSA-RSA,South Africa,South Africa,finalized,no,2026-05-22T18:51:00Z,2026-06-18T18:03:24Z,2026-06-18T19:00:00Z,0.0,7729457.31,3747802.98
KXWCGAME-26JUN18CZERSA,Czechia vs South Africa,KXWCGAME-26JUN18CZERSA-TIE,Tie,Tie,finalized,yes,2026-05-22T18:51:00Z,2026-06-18T18:03:24Z,2026-06-18T19:00:00Z,1.0,10933659.32,7870737.68
KXWCGAME-26JUN17UZBCOL,Uzbekistan vs Colombia,KXWCGAME-26JUN17UZBCOL-UZB,Uzbekistan,Uzbekistan,finalized,no,2026-02-04T18:27:00Z,2026-06-18T04:06:35Z,2026-06-18T03:52:56.372Z,0.0,20518199.74,13701175.07
KXWCGAME-26JUN17UZBCOL,Uzbekistan vs Colombia,KXWCGAME-26JUN17UZBCOL-COL,Colombia,Colombia,finalized,yes,2026-02-04T18:27:00Z,2026-06-18T04:06:35Z,2026-06-18T03:52:56.372Z,1.0,19064249.47,10703056.36
KXWCGAME-26JUN17UZBCOL,Uzbekistan vs Colombia,KXWCGAME-26JUN17UZBCOL-TIE,Tie,Tie,finalized,no,2026-02-04T18:27:00Z,2026-06-18T04:06:35Z,2026-06-18T03:52:56.372Z,0.0,13729259.11,7248306.72
KXWCGAME-26JUN17GHAPAN,Ghana vs Panama,KXWCGAME-26JUN17GHAPAN-GHA,Ghana,Ghana,finalized,yes,2026-02-04T18:27:00Z,2026-06-18T01:05:03Z,2026-06-18T00:48:38.367Z,1.0,17468901.36,8814314.09
KXWCGAME-26JUN17GHAPAN,Ghana vs Panama,KXWCGAME-26JUN17GHAPAN-PAN,Panama,Panama,finalized,no,2026-02-04T18:27:00Z,2026-06-18T01:05:03Z,2026-06-18T00:48:38.367Z,0.0,10486854.38,6527191.43
KXWCGAME-26JUN17GHAPAN,Ghana vs Panama,KXWCGAME-26JUN17GHAPAN-TIE,Tie,Tie,finalized,no,2026-02-04T18:27:00Z,2026-06-18T01:05:03Z,2026-06-18T00:48:38.367Z,0.0,11468326.37,6015760.91
KXWCGAME-26JUN17ENGCRO,England vs Croatia,KXWCGAME-26JUN17ENGCRO-ENG,England,England,finalized,yes,2026-02-04T18:27:00Z,2026-06-17T22:08:34Z,2026-06-17T21:52:39.255Z,1.0,18678499.43,9500205.42
KXWCGAME-26JUN17ENGCRO,England vs Croatia,KXWCGAME-26JUN17ENGCRO-CRO,Croatia,Croatia,finalized,no,2026-02-04T18:27:00Z,2026-06-17T22:08:34Z,2026-06-17T21:52:39.255Z,0.0,19144100.35,12253370.35
KXWCGAME-26JUN17ENGCRO,England vs Croatia,KXWCGAME-26JUN17ENGCRO-TIE,Tie,Tie,finalized,no,2026-02-04T18:27:00Z,2026-06-17T22:08:34Z,2026-06-17T21:52:39.255Z,0.0,13285514.36,8120450.75
KXWCGAME-26JUN17PORCOD,Portugal vs Congo DR,KXWCGAME-26JUN17PORCOD-POR,Portugal,Portugal,finalized,no,2026-05-22T18:51:00Z,2026-06-17T19:01:43Z,2026-06-17T20:00:00Z,0.0,25941814.98,15026197.05
KXWCGAME-26JUN17PORCOD,Portugal vs Congo DR,KXWCGAME-26JUN17PORCOD-COD,Congo DR,Congo DR,finalized,no,2026-05-22T18:51:00Z,2026-06-17T19:01:43Z,2026-06-17T20:00:00Z,0.0,15624458.07,8758362.67
KXWCGAME-26JUN17PORCOD,Portugal vs Congo DR,KXWCGAME-26JUN17PORCOD-TIE,Tie,Tie,finalized,yes,2026-05-22T18:51:00Z,2026-06-17T19:01:43Z,2026-06-17T20:00:00Z,1.0,8912438.12,5140974.99
KXWCGAME-26JUN17AUTJOR,Austria vs Jordan,KXWCGAME-26JUN17AUTJOR-AUT,Austria,Austria,finalized,yes,2026-02-04T18:27:00Z,2026-06-17T06:10:02Z,2026-06-17T05:59:14.87Z,1.0,11292350.28,5367596.37
KXWCGAME-26JUN17AUTJOR,Austria vs Jordan,KXWCGAME-26JUN17AUTJOR-JOR,Jordan,Jordan,finalized,no,2026-02-04T18:27:00Z,2026-06-17T06:10:02Z,2026-06-17T05:59:14.87Z,0.0,16628560.31,10915731.86
KXWCGAME-26JUN17AUTJOR,Austria vs Jordan,KXWCGAME-26JUN17AUTJOR-TIE,Tie,Tie,finalized,no,2026-02-04T18:27:00Z,2026-06-17T06:10:02Z,2026-06-17T05:59:14.87Z,0.0,12293208.69,5812410.51
KXWCGAME-26JUN16ARGDZA,Argentina vs Algeria,KXWCGAME-26JUN16ARGDZA-ARG,Argentina,Argentina,finalized,yes,2026-02-04T18:27:00Z,2026-06-17T03:01:01Z,2026-06-17T02:50:20.88Z,1.0,22887409.68,15619478.46
KXWCGAME-26JUN16ARGDZA,Argentina vs Algeria,KXWCGAME-26JUN16ARGDZA-DZA,Algeria,Algeria,finalized,no,2026-02-04T18:27:00Z,2026-06-17T03:01:01Z,2026-06-17T02:50:20.88Z,0.0,9164703.56,6472952.23
KXWCGAME-26JUN16ARGDZA,Argentina vs Algeria,KXWCGAME-26JUN16ARGDZA-TIE,Tie,Tie,finalized,no,2026-02-04T18:27:00Z,2026-06-17T03:01:01Z,2026-06-17T02:50:20.88Z,0.0,5231187.54,3354570.22
KXWCGAME-26JUN16IRQNOR,Iraq vs Norway,KXWCGAME-26JUN16IRQNOR-IRQ,Iraq,Iraq,finalized,no,2026-05-22T18:51:00Z,2026-06-17T00:06:28Z,2026-06-17T01:00:00Z,0.0,20937638.43,15382447.03
KXWCGAME-26JUN16IRQNOR,Iraq vs Norway,KXWCGAME-26JUN16IRQNOR-NOR,Norway,Norway,finalized,yes,2026-05-22T18:51:00Z,2026-06-17T00:06:28Z,2026-06-17T01:00:00Z,1.0,7687381.81,4987356.05
KXWCGAME-26JUN16IRQNOR,Iraq vs Norway,KXWCGAME-26JUN16IRQNOR-TIE,Tie,Tie,finalized,no,2026-05-22T18:51:00Z,2026-06-17T00:06:28Z,2026-06-17T01:00:00Z,0.0,10865404.54,6527074.6
KXWCGAME-26JUN16FRASEN,France vs Senegal,KXWCGAME-26JUN16FRASEN-FRA,France,France,finalized,yes,2026-02-04T18:27:00Z,2026-06-16T21:06:11Z,2026-06-16T20:55:38.453Z,1.0,21949210.21,12443811.38
KXWCGAME-26JUN16FRASEN,France vs Senegal,KXWCGAME-26JUN16FRASEN-SEN,Senegal,Senegal,finalized,no,2026-02-04T18:27:00Z,2026-06-16T21:06:11Z,2026-06-16T20:55:38.453Z,0.0,11938250.8,7747357.62
KXWCGAME-26JUN16FRASEN,France vs Senegal,KXWCGAME-26JUN16FRASEN-TIE,Tie,Tie,finalized,no,2026-02-04T18:27:00Z,2026-06-16T21:06:11Z,2026-06-16T20:55:38.453Z,0.0,11697223.37,6404241.31
KXWCGAME-26JUN15IRINZL,IR Iran vs New Zealand,KXWCGAME-26JUN15IRINZL-IRI,IR Iran,IR Iran,finalized,no,2026-02-04T18:27:00Z,2026-06-16T03:04:42Z,2026-06-16T02:53:28.978Z,0.0,17426298.36,10234727.9
KXWCGAME-26JUN15IRINZL,IR Iran vs New Zealand,KXWCGAME-26JUN15IRINZL-NZL,New Zealand,New Zealand,finalized,no,2026-02-04T18:27:00Z,2026-06-16T03:04:42Z,2026-06-16T02:53:28.978Z,0.0,19414605.62,9958651.14
KXWCGAME-26JUN15IRINZL,IR Iran vs New Zealand,KXWCGAME-26JUN15IRINZL-TIE,Tie,Tie,finalized,yes,2026-02-04T18:27:00Z,2026-06-16T03:04:42Z,2026-06-16T02:53:28.978Z,1.0,11829965.94,6107755.07
KXWCGAME-26JUN15KSAURU,Saudi Arabia vs Uruguay,KXWCGAME-26JUN15KSAURU-KSA,Saudi Arabia,Saudi Arabia,finalized,no,2026-02-04T18:27:00Z,2026-06-16T00:07:33Z,2026-06-15T23:54:16.144Z,0.0,20380641.71,9901484.39
KXWCGAME-26JUN15KSAURU,Saudi Arabia vs Uruguay,KXWCGAME-26JUN15KSAURU-URU,Uruguay,Uruguay,finalized,no,2026-02-04T18:27:00Z,2026-06-16T00:07:33Z,2026-06-15T23:54:16.144Z,0.0,13907036.3,7716304.54
KXWCGAME-26JUN15KSAURU,Saudi Arabia vs Uruguay,KXWCGAME-26JUN15KSAURU-TIE,Tie,Tie,finalized,yes,2026-02-04T18:27:00Z,2026-06-16T00:07:33Z,2026-06-15T23:54:16.144Z,1.0,13886125.18,7868837.2
KXWCGAME-26JUN15BELEGY,Belgium vs Egypt,KXWCGAME-26JUN15BELEGY-BEL,Belgium,Belgium,finalized,no,2026-02-04T18:27:00Z,2026-06-15T20:59:13Z,2026-06-15T20:48:26.72Z,0.0,17953740.12,10894086.73
KXWCGAME-26JUN15BELEGY,Belgium vs Egypt,KXWCGAME-26JUN15BELEGY-EGY,Egypt,Egypt,finalized,no,2026-02-04T18:27:00Z,2026-06-15T20:59:13Z,2026-06-15T20:48:26.72Z,0.0,16616828.64,8298733.96
KXWCGAME-26JUN15BELEGY,Belgium vs Egypt,KXWCGAME-26JUN15BELEGY-TIE,Tie,Tie,finalized,yes,2026-02-04T18:27:00Z,2026-06-15T20:59:13Z,2026-06-15T20:48:26.72Z,1.0,10480651.23,6023425.33
KXWCGAME-26JUN15ESPCPV,Spain vs Cape Verde,KXWCGAME-26JUN15ESPCPV-ESP,Spain,Spain,finalized,no,2026-02-04T18:27:00Z,2026-06-15T17:57:43Z,2026-06-15T17:46:31.582Z,0.0,16267679.2,9185191.85
KXWCGAME-26JUN15ESPCPV,Spain vs Cape Verde,KXWCGAME-26JUN15ESPCPV-CPV,Cape Verde,Cape Verde,finalized,no,2026-02-04T18:27:00Z,2026-06-15T17:57:43Z,2026-06-15T17:46:31.582Z,0.0,21311940.66,13398640.6
KXWCGAME-26JUN15ESPCPV,Spain vs Cape Verde,KXWCGAME-26JUN15ESPCPV-TIE,Tie,Tie,finalized,yes,2026-02-04T18:27:00Z,2026-06-15T17:57:43Z,2026-06-15T17:46:31.582Z,1.0,13059738.18,7381100.83
KXWCGAME-26JUN14SWETUN,Sweden vs Tunisia,KXWCGAME-26JUN14SWETUN-SWE,Sweden,Sweden,finalized,yes,2026-05-22T18:51:00Z,2026-06-15T03:59:26Z,2026-06-15T05:00:00Z,1.0,17098588.4,11649872.29
KXWCGAME-26JUN14SWETUN,Sweden vs Tunisia,KXWCGAME-26JUN14SWETUN-TUN,Tunisia,Tunisia,finalized,no,2026-05-22T18:51:00Z,2026-06-15T03:59:26Z,2026-06-15T05:00:00Z,0.0,7819800.59,5924629.13
KXWCGAME-26JUN14SWETUN,Sweden vs Tunisia,KXWCGAME-26JUN14SWETUN-TIE,Tie,Tie,finalized,no,2026-05-22T18:51:00Z,2026-06-15T03:59:26Z,2026-06-15T05:00:00Z,0.0,3911086.64,2206425.41
KXWCGAME-26JUN14CIVECU,Ivory Coast vs Ecuador,KXWCGAME-26JUN14CIVECU-CIV,Ivory Coast,Ivory Coast,finalized,yes,2026-02-04T18:27:00Z,2026-06-15T01:05:51Z,2026-06-15T00:53:07.37Z,1.0,10294343.68,4809754.53
KXWCGAME-26JUN14CIVECU,Ivory Coast vs Ecuador,KXWCGAME-26JUN14CIVECU-ECU,Ecuador,Ecuador,finalized,no,2026-02-04T18:27:00Z,2026-06-15T01:05:51Z,2026-06-15T00:53:07.37Z,0.0,14907262.61,10727969.3
KXWCGAME-26JUN14CIVECU,Ivory Coast vs Ecuador,KXWCGAME-26JUN14CIVECU-TIE,Tie,Tie,finalized,no,2026-02-04T18:27:00Z,2026-06-15T01:05:51Z,2026-06-15T00:53:07.37Z,0.0,7003154.52,3475651.73
KXWCGAME-26JUN14NEDJPN,Netherlands vs Japan,KXWCGAME-26JUN14NEDJPN-NED,Netherlands,Netherlands,finalized,no,2026-02-04T18:27:00Z,2026-06-14T21:57:40Z,2026-06-14T21:45:52.843Z,0.0,29396583.48,19400247.83
KXWCGAME-26JUN14NEDJPN,Netherlands vs Japan,KXWCGAME-26JUN14NEDJPN-JPN,Japan,Japan,finalized,no,2026-02-04T18:27:00Z,2026-06-14T21:57:40Z,2026-06-14T21:45:52.843Z,0.0,17748713.92,10081634.7
KXWCGAME-26JUN14NEDJPN,Netherlands vs Japan,KXWCGAME-26JUN14NEDJPN-TIE,Tie,Tie,finalized,yes,2026-02-04T18:27:00Z,2026-06-14T21:57:40Z,2026-06-14T21:45:52.843Z,1.0,10102781.4,4149012.68
KXWCGAME-26JUN14GERCUW,Germany vs Curacao,KXWCGAME-26JUN14GERCUW-GER,Germany,Germany,finalized,yes,2026-02-04T18:27:00Z,2026-06-14T19:00:24Z,2026-06-14T18:59:51Z,1.0,5850457.03,4254548.75
KXWCGAME-26JUN14GERCUW,Germany vs Curacao,KXWCGAME-26JUN14GERCUW-CUW,Curacao,Curacao,finalized,no,2026-02-04T18:27:00Z,2026-06-14T19:00:24Z,2026-06-14T18:59:51Z,0.0,23193990.5,18651281.59
KXWCGAME-26JUN14GERCUW,Germany vs Curacao,KXWCGAME-26JUN14GERCUW-TIE,Tie,Tie,finalized,no,2026-02-04T18:27:00Z,2026-06-14T19:00:24Z,2026-06-14T18:59:51Z,0.0,11010726.84,7220405.29
KXWCGAME-26JUN14AUSTUR,Australia vs Turkiye,KXWCGAME-26JUN14AUSTUR-AUS,Australia,Australia,finalized,yes,2026-05-22T18:51:00Z,2026-06-14T05:58:11Z,2026-06-14T07:00:00Z,1.0,18483487.91,10993493.78
KXWCGAME-26JUN14AUSTUR,Australia vs Turkiye,KXWCGAME-26JUN14AUSTUR-TUR,Turkiye,Turkiye,finalized,no,2026-05-22T18:51:00Z,2026-06-14T05:58:11Z,2026-06-14T07:00:00Z,0.0,21912857.69,14885856.34
KXWCGAME-26JUN14AUSTUR,Australia vs Turkiye,KXWCGAME-26JUN14AUSTUR-TIE,Tie,Tie,finalized,no,2026-05-22T18:51:00Z,2026-06-14T05:58:11Z,2026-06-14T07:00:00Z,0.0,10240763.19,6783785.21
KXWCGAME-26JUN13HTISCO,Haiti vs Scotland,KXWCGAME-26JUN13HTISCO-HTI,Haiti,Haiti,finalized,no,2026-02-04T18:27:00Z,2026-06-14T03:04:47Z,2026-06-14T02:52:51.846Z,0.0,9921462.15,6520060.25
KXWCGAME-26JUN13HTISCO,Haiti vs Scotland,KXWCGAME-26JUN13HTISCO-SCO,Scotland,Scotland,finalized,yes,2026-02-04T18:27:00Z,2026-06-14T03:04:47Z,2026-06-14T02:52:51.846Z,1.0,17636961.34,11493743.65
KXWCGAME-26JUN13HTISCO,Haiti vs Scotland,KXWCGAME-26JUN13HTISCO-TIE,Tie,Tie,finalized,no,2026-02-04T18:27:00Z,2026-06-14T03:04:47Z,2026-06-14T02:52:51.846Z,0.0,4694527.63,2665177.95
KXWCGAME-26JUN13BRAMAR,Brazil vs Morocco,KXWCGAME-26JUN13BRAMAR-BRA,Brazil,Brazil,finalized,no,2026-02-04T18:27:00Z,2026-06-14T00:07:37Z,2026-06-13T23:56:17.218Z,0.0,33414193.86,19359386.36
KXWCGAME-26JUN13BRAMAR,Brazil vs Morocco,KXWCGAME-26JUN13BRAMAR-MAR,Morocco,Morocco,finalized,no,2026-02-04T18:27:00Z,2026-06-14T00:07:37Z,2026-06-13T23:56:17.218Z,0.0,21279211.08,12403208.13
KXWCGAME-26JUN13BRAMAR,Brazil vs Morocco,KXWCGAME-26JUN13BRAMAR-TIE,Tie,Tie,finalized,yes,2026-02-04T18:27:00Z,2026-06-14T00:07:37Z,2026-06-13T23:56:17.218Z,1.0,8405923.47,4573243.61
KXWCGAME-26JUN13QATSUI,Qatar vs Switzerland,KXWCGAME-26JUN13QATSUI-QAT,Qatar,Qatar,finalized,no,2026-02-04T18:27:00Z,2026-06-13T21:07:53Z,2026-06-13T20:52:40.708Z,0.0,17304888.83,13887165.01
KXWCGAME-26JUN13QATSUI,Qatar vs Switzerland,KXWCGAME-26JUN13QATSUI-SUI,Switzerland,Switzerland,finalized,no,2026-02-04T18:27:00Z,2026-06-13T21:07:53Z,2026-06-13T20:52:40.708Z,0.0,14696727.51,8476227.85
KXWCGAME-26JUN13QATSUI,Qatar vs Switzerland,KXWCGAME-26JUN13QATSUI-TIE,Tie,Tie,finalized,yes,2026-02-04T18:27:00Z,2026-06-13T21:07:53Z,2026-06-13T20:52:40.708Z,1.0,8366144.61,4234856.83
KXWCGAME-26JUN12USAPAR,USA vs Paraguay,KXWCGAME-26JUN12USAPAR-USA,USA,USA,finalized,yes,2026-02-04T18:27:00Z,2026-06-13T03:03:46Z,2026-06-13T02:51:13.713Z,1.0,43036999.64,28858033.71
KXWCGAME-26JUN12USAPAR,USA vs Paraguay,KXWCGAME-26JUN12USAPAR-PAR,Paraguay,Paraguay,finalized,no,2026-02-04T18:27:00Z,2026-06-13T03:03:46Z,2026-06-13T02:51:13.713Z,0.0,10746926.04,8666751.28
KXWCGAME-26JUN12USAPAR,USA vs Paraguay,KXWCGAME-26JUN12USAPAR-TIE,Tie,Tie,finalized,no,2026-02-04T18:27:00Z,2026-06-13T03:03:46Z,2026-06-13T02:51:13.713Z,0.0,6540280.51,4095959.64
KXWCGAME-26JUN12CANBIH,Canada vs Bosnia and Herzegovina,KXWCGAME-26JUN12CANBIH-CAN,Canada,Canada,finalized,no,2026-05-22T18:51:00Z,2026-06-12T20:59:58Z,2026-06-12T22:00:00Z,0.0,23351822.87,12304412.09
KXWCGAME-26JUN12CANBIH,Canada vs Bosnia and Herzegovina,KXWCGAME-26JUN12CANBIH-BIH,Bosnia and Herzegovina,Bosnia and Herzegovina,finalized,no,2026-05-22T18:51:00Z,2026-06-12T20:59:58Z,2026-06-12T22:00:00Z,0.0,19190405.26,11061042.65
KXWCGAME-26JUN12CANBIH,Canada vs Bosnia and Herzegovina,KXWCGAME-26JUN12CANBIH-TIE,Tie,Tie,finalized,yes,2026-05-22T18:51:00Z,2026-06-12T20:59:58Z,2026-06-12T22:00:00Z,1.0,9856093.89,5674946.0
KXWCGAME-26JUN11KORCZE,Korea Republic vs Czechia,KXWCGAME-26JUN11KORCZE-KOR,Korea Republic,Korea Republic,finalized,yes,2026-05-22T18:51:00Z,2026-06-12T04:00:48Z,2026-06-12T05:00:00Z,1.0,36093367.43,16482184.26
KXWCGAME-26JUN11KORCZE,Korea Republic vs Czechia,KXWCGAME-26JUN11KORCZE-CZE,Czechia,Czechia,finalized,no,2026-05-22T18:51:00Z,2026-06-12T04:00:48Z,2026-06-12T05:00:00Z,0.0,9118455.28,5223890.94
KXWCGAME-26JUN11KORCZE,Korea Republic vs Czechia,KXWCGAME-26JUN11KORCZE-TIE,Tie,Tie,finalized,no,2026-05-22T18:51:00Z,2026-06-12T04:00:48Z,2026-06-12T05:00:00Z,0.0,13036371.06,8498131.74
KXWCGAME-26JUN11MEXRSA,Mexico vs South Africa,KXWCGAME-26JUN11MEXRSA-MEX,Mexico,Mexico,finalized,yes,2026-02-04T18:17:00Z,2026-06-11T21:07:29Z,2026-06-11T20:55:26.354Z,1.0,11168217.15,8725856.93
KXWCGAME-26JUN11MEXRSA,Mexico vs South Africa,KXWCGAME-26JUN11MEXRSA-RSA,South Africa,South Africa,finalized,no,2026-02-04T18:17:00Z,2026-06-11T21:07:29Z,2026-06-11T20:55:26.354Z,0.0,10521771.41,9246855.18
KXWCGAME-26JUN11MEXRSA,Mexico vs South Africa,KXWCGAME-26JUN11MEXRSA-TIE,Tie,Tie,finalized,no,2026-02-04T18:17:00Z,2026-06-11T21:07:29Z,2026-06-11T20:55:26.354Z,0.0,2197626.08,1740071.98
